company,city,state,industry,employees,intent topics,description,acct #
1888 Mills LLC,,,,,,,
1st MidAmerica Credit Union,Bethalto,Illinois,Finance,164,,"1st MidAmerica Credit Union offers a range of financial products and services including savings accounts, loans, and retirement services. Their offerings cater to both individual and business clients, providing options such as vehicle loans, home equity loans, and business checking accounts. The credit union emphasizes member benefits, financial wellness, and community support. They also provide modern banking solutions like mobile and online banking, as well as video banking services.",1117130331
Aces Power Marketing,Carmel,Indiana,Business Services,260,Generative AI; Environmental Regulations,"ACES is a nationwide energy management company that assists clients in buying, selling, and managing energy efficiently while minimizing risk. Their clientele includes electric cooperatives, municipalities, independent power generators, and major financial institutions, representing significant energy loads and transactions. ACES operates as an agent for its clients, ensuring no conflicting commercial interests, and offers customizable energy management and risk management services. With a national scope and economies of scale, ACES provides quality services at reasonable costs across various energy markets.",856362
ACP CreativIT LLC,Buffalo Grove,Illinois,Business Services,196,Application Performance; Fraud Protection; Autonomous Intelligence and Agentic AI,"Arlington Computer Products creates IT solutions for small to midsize businesses, large enterprises, school districts, government agencies, and other organizations. Arlington Computer Products is headquartered in Buffalo Grove, Illinois.",7195997
Activ Financial Systems,Wheaton,Illinois,Finance,80,,"Options Technology is a leading provider of IT infrastructure specifically designed for the global financial sector. Their extensive range of services includes cloud-enabled managed services, security and compliance solutions, and tailored IT infrastructure products. The company primarily serves clients such as asset managers, hedge funds, private equity firms, and software providers. Options Technology is committed to transforming financial sector technology through innovative solutions like Atlas, a low latency network that supports modern financial demands.",1084675
Ada S Mckinley Community Services Inc.,Chicago,Illinois,Organizations,585,Enterprise Resource Planning; Capacity Planning,"Ada S. McKinley Community Services is dedicated to empowering, educating, and employing individuals to enhance lives and strengthen communities. Serving over 10,000 people annually across more than 70 locations, primarily in Illinois, the organization offers a range of services including child development, employment support, and mental health counseling. They provide essential resources such as college counseling, financial aid assistance, and job placement to help individuals achieve self-sufficiency. With a commitment to community investment, Ada S. McKinley has successfully placed over 75,000 individuals in colleges and universities and provided thousands of jobs and mental health interventions.",1182098
Adams-Columbia Electric Cooperative,Friendship,Wisconsin,"Energy, Utilities & Waste",90,,"Adams-Columbia Electric Cooperative is a community-focused electric cooperative dedicated to providing safe and reliable electricity to over 39,458 homes, businesses, farms, and schools across 12 central Wisconsin counties. The cooperative emphasizes honesty, integrity, and superior customer service while adhering to cooperative principles. In addition to electricity delivery, they offer various programs including energy solutions, safety tips, and financial assistance through loans and grants. Their mission is to support their members and the community through reliable service and engagement initiatives.",1281657
Adec Inc.,Bristol,Indiana,Organizations,345,,"Founded in 1952 in the state of Indiana, the ADEC is a charitable organization that advocates for and serves people with developmental and intellectual disabilities in Elkhart and St. Joseph Counties",1345934
Adler Planetarium,Chicago,Illinois,Hospitality,243,,"Adler Planetarium, located in Chicago, is America's first planetarium and serves as a premier resource for inspiring future space explorers. The planetarium offers a variety of exhibits, sky shows, and educational programs for all ages, including school field trips and teen workshops. It aims to engage the community through hands-on activities, immersive experiences, and online resources related to space science and astronomy. Adler Planetarium also provides opportunities for group visits, venue rentals, and donations to support its mission.",1034279
Advanced Business Group LLC,Mundelein,Illinois,Business Services,12,,"Advanced Business Group (ABG) specializes in providing computer support and network management services tailored for small- and mid-sized businesses in the Chicago area. Their offerings include managed services, network security, website hosting and design, and disaster recovery solutions. ABG aims to deliver enterprise-class technology in an accessible, reliable, and affordable manner. With a focus on integrating cutting-edge IT solutions, they ensure that businesses can efficiently meet their communication needs.",1136843754
Advanced Hro Solutions Inc.,Appleton,Wisconsin,Business Services,9,,"Advanced Hro Solutions Inc is a company that operates in the Custom Software & IT Services industry. It employs 5to9 people and has 1Mto5M of revenue. The company is headquartered in Appleton, Wisconsin.",1260244509
Aids Resource Center of Wisconsin Inc.,Milwaukee,Wisconsin,Healthcare Services,288,,"Vivent Health is a non-profit organization dedicated to supporting individuals affected by HIV/AIDS by providing high-quality care and a comprehensive range of social services. Their services include HIV testing, prevention efforts, medical care, dental care, and behavioral health support, all delivered in a safe and judgment-free environment. With a mission to eliminate the HIV epidemic, Vivent Health serves diverse communities and advocates for health equity and social justice. They welcome anyone seeking care, regardless of their background, and strive to help individuals live long, healthy lives.",2673192
AL Warren Oil,Hammond,Indiana,Retail,85,,"Al Warren Oil, Inc. is a leading supplier of bulk fuel and lubricants, serving businesses in Northern Illinois, North-Central Indiana, and Southern Wisconsin. The company offers a wide range of services including fuel delivery, tank installation, and fleet maintenance, aimed at enhancing performance and profitability for its clients. With over 75 years of experience, Al Warren Oil is committed to providing high-quality products and exceptional service, ensuring that clients can rely on them for their fueling and lubricant needs. Their focus on customer partnership and flexibility sets them apart in the industry.",3116909
Alarm Detection Systems Inc.,Aurora,Illinois,Business Services,379,Autonomous Intelligence and Agentic AI,"Alarm Detection Systems, Inc. (ADS) is a leading provider of commercial and residential security services, offering a comprehensive range of products including fire alarms, burglar alarms, video monitoring, and access control systems. The company serves a diverse clientele, including businesses, schools, healthcare facilities, and residential customers, primarily in the Midwest and Colorado regions. With a commitment to exceptional customer service and 24/7 monitoring, ADS ensures the safety and security of its clients' properties. Founded in 1968, ADS combines decades of experience with advanced technology to deliver reliable security solutions tailored to individual needs.",3919915
Alt & Witzig Engineering Inc.,Carmel,Indiana,Construction,131,Autonomous Intelligence and Agentic AI,"Alt & Witzig Engineering, Inc. is a company that specializes in construction. It offers construction inspection and materials testing, geotechnical, environmental, drilling, and ground penetrating radar. The company was founded in 1976 and is headquartered in Carmel, Indiana.",4361244
American Business Resources Corp.,Madison,Wisconsin,Business Services,116,File Sharing; Data Center Migration; Autonomous Intelligence and Agentic AI; Dropbox,"ABR Employment Services is a Workforce Solutions company that delivers a multitude of staffing and recruiting services through three operating divisions: ABR Employment Services, ABR Professional Search and Kinsa Group. The company is headquartered in Madison, WI and was founded in 1987.",363100
American Consulting Inc.,Indianapolis,Indiana,Construction,6,,"American Improvement Company has been providing quality exterior remodeling solutions to homeowners in Central Indiana for the past fifteen years. Their services include replacement windows, siding, and doors. The company prides itself on customer satisfaction, as evidenced by positive testimonials from clients. They offer free in-home estimates and utilize Energy Star products, ensuring energy efficiency in their home improvement projects.",353561672
American Health Information Management Association,Chicago,Illinois,Organizations,22,,"American Health Information Management Association is a company that operates in the Membership Organizations industry. It employs 20to49 people and has 1Mto5M of revenue. The company is headquartered in Chicago, Illinois.",1290255745
American Midwest Financial Corp.,Rochester,Indiana,Finance,132,Generative AI; Fraud Protection,"Founded in 1966, the First Federal Savings Bank has locations all over Northern Indiana and are considered to be a leading mortgage lender in Indiana. First Federal Savings Bank offers personal and business banking services, as well as lending, and investment services.",559641380
American Players Theatre of Wisconson Inc.,Spring Green,Wisconsin,Hospitality,77,Generative AI,"American Players Theatre is a professional theater company located in Spring Green, Wisconsin, known for its outdoor performances of classic and contemporary plays. The theater offers a variety of events, including play talks, tours, and educational programs aimed at engaging the community and enhancing the theater experience. Their intended clients include theater enthusiasts, students, and local residents looking for cultural entertainment. Additionally, APT provides dining options and special offers to enhance the visitor experience.",1884425
Ameriqual Packaging,,,,,,,
Anacostia Rail Holdings Company,Chicago,Illinois,Transportation,200,,Anacostia Rail Holdings is a holding company for operating short line railroads and related transportation equipment and services firms. Its subsidiaries are dedicated to providing outstanding customer service in a safe manner.Anacostia is one of the leaders in the development of modern short line railroads.,5821666
Andretti Autosport,Des Moines,Iowa,Media & Internet,7,,"Don Kay covers racing news and events, particularly focusing on the NTT IndyCar Series. The company provides updates on driver signings and sponsorship deals relevant to the racing industry. Intended clients include motorsport enthusiasts, teams, and sponsors looking for insights into the IndyCar season. The platform promotes engaging content through articles and podcasts to support the racing community.",478903533
Anthony Marano Co,Chicago,Illinois,Retail,600,Generative AI,"Anthony Marano Company was founded in 1947 and Still family owned and operated in Chicago, Illinois offers a full line of vegetable and fruit produce, both conventional and organic.",8409330
Anthony Wayne Rehabilitation Center For Handicapped and Blind Inc.,Fort Wayne,Indiana,Organizations,25,,"AWRC is a not-for-profit organization dedicated to serving individuals with disabilities and behavioral health needs. The company operates several industrial divisions that provide meaningful job opportunities for people with disabilities, including disabled service veterans, while ensuring high-quality services and exceptional customer care. Additionally, AWRC runs Camp Red Cedar, which offers recreational programs for children and adults of all abilities, promoting growth through creative arts and interaction with horses. AWRC's industrial operations are ISO 9001:2008 Certified, reflecting their commitment to quality.",1182144330
Apostolic Christian Home For The Handicapped,Morton,Illinois,Healthcare Services,194,Environmental Regulations; Energy Storage,"We believe we are called to fulfill our vision by serving with Compassion, acting as Advocates, and by our commitment to Respect, Excellence and Safety. In 2005, the CARES acronym was developed to assist all staff in better understanding our vision as well as to help acquaint new staff. The effort and thought put forth in the development of CARES has certainly been blessed in many ways. The CARES concept is also utilized in our staff education sessions which are held periodically throughout the year. Our Staff Meetings in 2009 centered on our mission to fulfill the LifePoints vision of Caring Because God CARES. We began with a study on Character and then sought to better define and live what it means to show compassion, to act as an advocate, to show respect, to work towards excellence while keeping our homes safe for our residents and staff. The CARES philosophy continues to be an integral part of our culture at Apostolic Christian LifePoints. For the Lord does not see as man sees; for man looks at the outward appearance, but the LORD looks at the heart",1208491565
Apple River State Bank,Apple River,Illinois,Finance,63,Artificial Intelligence,"Apple River State Bank and First Community Bank of Galena is committed to the security of your financial and personal information. All of the company's operational and data processing systems are in a secure environment that protects your account information from being accessed by third parties. The company maintain and grant access to customer information only in accordance with the company's internal security standards. Apple River State Bank and First Community Bank of Galena has and maintains an Information Systems Security Policy. The company's policy will be updated in response to any changes in technology and any external or internal threats to information security. All new contractual relationships and existing or new service provides will include their security and confidentially provisions in all the company's future contracts with these providers. At Apple River State Bank and First Community Bank of Galena, employees' access to personally identifiable customer information is limited to those with a business reason to know such information. Employees are educated on the importance of maintaining the confidentially of customer information and on these privacy principles. The company's employees are trained on the proper disposal of nonpublic information. Any printed material containing customer information will be shredded after its use, computer disks, containing customer information, which are no longer in use will be destroyed. All information on hard drives from personal computers will be erased whenever there is a computer upgrade. Because of the importance of these issues, all Apple River State Bank and First Community Bank of Galena employees are responsible for maintaining the confidentiality of customer information and employees who violate these privacy policies will be subject to disciplinary measures.",7458416
Aqua-Aerobic Systems Inc.,Loves Park,Illinois,Manufacturing,152,Enterprise Resource Planning; All Flash Array; Autonomous Intelligence and Agentic AI; Generative AI; Capacity Planning; Advanced Threat Protection (ATP),"Founded in 1919, Aqua-Aerobic Systems, Inc. manufactures water filtration products. The company offers aeration and mixing systems, membranes, filtration devices and controls, and ancillary products.",6359663
Arandell,Menomonee Falls,Wisconsin,Business Services,500,,"Arandell, established in 1922, offers premedia, catalogue printing, mailing, distribution, list management, database marketing, mobile solutions, logistics, and consulting services to its partners in the retail and direct mail catalogue markets. Our goal at Arandell, the nation's leading provider of omnichannel solutions and catalogues printing, is to leave a better impact on people, paper, and the environment. Arandell operates multiple plants, including ones in Walton, Kentucky, and Menomonee Falls, Wisconsin.",2556047
Archdiocese of Milwaukee,Milwaukee,Wisconsin,Organizations,95,End-to-End Encryption; Generative AI; Amazon Web Services (AWS); Environmental Regulations; Autonomous Intelligence and Agentic AI; Energy Storage; Dropbox; Big Data Software,"The Archdiocese of Milwaukee provides spiritual resources and support to deepen the faith of its community through various ministries, workshops, and events. It serves Catholic parishes and schools, offering educational opportunities and vocational guidance while promoting a caring community for those in need. The organization is dedicated to maintaining safe environments, particularly for children, and encourages individuals to contribute their time and talents to the Church's mission. With a focus on fostering a relationship with Jesus, the Archdiocese invites all to explore and embrace the beauty of Catholicism.",6836019
Arlington Computer Products,Buffalo Grove,Illinois,Business Services,196,Application Performance; Fraud Protection; Autonomous Intelligence and Agentic AI,"Arlington Computer Products creates IT solutions for small to midsize businesses, large enterprises, school districts, government agencies, and other organizations. Arlington Computer Products is headquartered in Buffalo Grove, Illinois.",7195997
ARRO Corp.,Hodgkins,Illinois,Manufacturing,264,,"Arro was founded in 1986 as a contract packager of food grade and industrial bulk products. In 1995 the company embarked on a plan to further expand into contract manufacturing and logistics in the food industry. Since 1995, Arro has acquired/integrated three additional companies, three operating facilities and started four new companies. Today, Arro operates two manufacturing facilities and two distribution centers in the Chicago area with over 600,000 square feet of process and warehouse space. The company is a co-packer and co-manufacturer of a wide range of liquid and dry products in the food and pharmaceutical industries, ranging from a gram size package to a full size rail car of product, including hot and cold beverages; bakery; pizza; specialty sugar products; starch, dextrose, phosphates, oils, syrups and related commodities.",2753494
Arvin Sango Inc.,Madison,Indiana,Manufacturing,1944,Compliance,"Founded in 1986, Arvin Sango is a developer and manufacturer of emission control systems. They are headquartered out of Madison, Indiana.",3802793
Assisted Living Concepts Inc.,Milwaukee,Wisconsin,Healthcare Services,6,,"Assisted Living Concepts, Inc. operates licensed assisted living and senior living facilities across the United States. The company is currently involved in a class action lawsuit concerning alleged misrepresentations and omissions in their SEC filings related to compliance with occupancy and operating covenants. The lawsuit has resulted in a proposed settlement of $12 million for affected investors. The intended clients are individuals who purchased or acquired the company's publicly-traded Class A common stock during the specified class period.",404589013
Atc Leasing,Pleasant Prairie,Wisconsin,Transportation,305,Fraud Protection,"Founded in 2016 and headquartered in Pleasant Prairie, Wisconsin, Active USA LLC provides medium-duty and heavy-duty truck transport services for U.S. truck manufacturers.",2642599
ATI Holdings LLC,Bolingbrook,Illinois,Healthcare Services,6300,Cloud Computing; Enterprise Contact Center; External Hard Drive; Cloud Storage; Digital Transformation; Generative AI; Application Performance; GitHub; Cloud Data; File Sharing; Environmental Regulations; Energy Storage; Data Center Migration; Autonomous Intelligence and Agentic AI; Encryption; Advanced Threat Protection (ATP); Enterprise Infrastructure; Artificial Intelligence; Dropbox,"ATI Physical Therapy, headquartered in Bolingbrook, Illinois, and established in 1996, is a rehabilitation provider specializing in research-based physical therapy, workers' compensation rehabilitation, employer worksite solutions, sports medicine, home health, and specialty therapies.",488712582
Audioeye Inc.,Tucson,Arizona,Software,116,,"AudioEye is a technology company serving businesses committed to providing equal access to their digital content. AudioEye identifies and resolves issues of accessibility and enhances the user experience, making digital content more accessible and more usable for more people.",10196181
Aunt Martha's Youth Service Center Inc.,Olympia Fields,Illinois,Hospitals & Physicians Clinics,754,Enterprise Contact Center; Enterprise Resource Planning; Environmental Regulations; Capacity Planning; Big Data Software,"Founded in 1972, Aunt Martha's Health & Wellness is a not-for-profit organization that focuses on providing primary and family health care, including behavioral health, pediatrics, family planning, parent support, and womens health. Aunt Martha's Health & Wellness is located in Illinois.",9294581
Aurora Area Blood Bank,Milwaukee,Wisconsin,Healthcare Services,2300,External Hard Drive; Backup & Recovery Software; Digital Transformation; Generative AI; Cloud Storage; Fraud Protection; Cloud Data; Environmental Regulations; App Analytics Companies; Energy Storage; Artificial Intelligence; Cloud Computing,"Versiti, a national leader in blood health innovation, was formed with the mission to improve the health of patients and enable the success of our healthcare partners nationally. We provide innovative, value-added solutions in the fields of transfusion medicine, transplantation, and blood-related diseases to meet the needs of each of our customers. The collective efforts across Versiti result in improved patient outcomes, expanded access to care, and cost efficiencies for healthcare systems nationwide.",388096303
Aurora Parts & Accessories LLC,,,,,,,
Awana,Chicago,Illinois,Organizations,545,App Analytics Companies; Digital Transformation; Fraud Protection; Enterprise Resource Planning; Environmental Regulations,"Awana is a global, nonprofit ministry committed to the belief that the greatest impact for Christ starts with kids who know, love and serve Him.Awana aims to reach kids, equip leaders, and change the world.Awana reaches kids for Christ through fun, Scripture-rich experiences that lead them to know, love and serve Him. Awana equips ministry leaders and parents to reach and disciple kids who impact their generation with the gospel. God is at work changing the world through the evangelism and long-term discipleship ministry of Awana.",3605292
Awana Clubs International,,,,,,,
Azars Inc.,,,,,,,
Backlund Investment Information Tec,,,,,,,
Bader Rutter & Assoc,Milwaukee,Wisconsin,Business Services,260,Cloud Computing; Disaster Recovery; Business Continuity; Environmental Regulations; Autonomous Intelligence and Agentic AI; Dropbox,"Bader Rutter is an advertising agency with world-class business-to-business and brand building capabilities, strong minds and a work ethic to match.",3752573
Baldwin Richardson Foods Co,Macedon,New York,Manufacturing,697,Digital Transformation; All Flash Array; Autonomous Intelligence and Agentic AI; Business Analytics,"Baldwin Richardson Foods (BRF) has always been focused on manufacturing the highest-quality products. As we have evolved and grown, we have expanded our strategic partnerships to provide our customers with comprehensive solutions, including innovation, product development, procurement, logistics and consumer insights. Whats more, BRF is not only a leading manufacturer of custom food and beverage ingredients, its one of the largest African-American family-owned and -operated businesses in the food industry.",9637863
Bank & Trust Co,Litchfield,Illinois,Finance,101,,"Bank & Trust Company is a financial institution with seven locations serving Central Illinois and surrounding areas, founded in 1902. The bank offers a range of services including personal and business accounts, loans, and financial guidance. Their intended clients include individuals and businesses seeking reliable banking solutions. With a commitment to community service, they have been supporting their clients for over a century.",3915919
Bank Five Nine,Oconomowoc,Wisconsin,Finance,341,Environmental Regulations,"Founded in 1859, Bank Five Nine is a community bank that offers services In personal banking, wealth management, loans, savings accounts, leasing, retirement plans, and more. The company is headquartered in Milwaukee, Wisconsin.",482548145
Bank of Luxemburg,Luxemburg,Wisconsin,Finance,109,Artificial Intelligence; Big Data Software,"Bank of Luxemburg provides a range of financial services including personal and business banking, loans, and investment services. Their offerings encompass checking and savings accounts, business loans, cash management services, and various loan types such as mortgages and student loans. The bank aims to serve both individual consumers and businesses, ensuring a comprehensive suite of financial solutions. With a commitment to community involvement and customer service, they position themselves as a trusted relationship bank.",11930120
Bank of Mauston,Mauston,Wisconsin,Finance,68,Environmental Regulations,"Bank of Mauston provides comprehensive estate planning and investment management services free of charge to Premier Club members. The company's Investment Advisor's office is conveniently located in the company's main office. Insurance products are not a deposit or other obligation of, or guaranteed by the bank & are not FDIC insured.",6933137
Banner & Witcoff,Chicago,Illinois,Law Firms & Legal Services,324,Generative AI; File Sharing; Environmental Regulations; Autonomous Intelligence and Agentic AI,"Banner Witcoff is a leading firm specializing in the protection and enforcement of intellectual property (IP) rights. They offer a comprehensive range of services including patent prosecution, trademark registration, and litigation across various industries such as artificial intelligence, life sciences, and e-commerce. The firm is recognized for its expertise and has been acknowledged by multiple industry awards and rankings. Their intended clients include businesses and organizations seeking to safeguard their intellectual property and navigate complex IP issues.",12259561
Barchart,Chicago,Illinois,Software,50,Enterprise Contact Center; GitHub; Environmental Regulations; Advanced Analytics; Artificial Intelligence,"With headquarters in the heart of Chicago's financial district, Barchart has been an industry-leader since 1995 when the company launched Barchart.com as one of the first websites for commodities and futures market data. Since then, the company has evolved into a global financial technology leader providing market data and services to the global financial, media, and commodity industries.",3965598
Barrett & Stokely Inc.,Indianapolis,Indiana,Real Estate,261,File Sharing; Environmental Regulations; Generative AI; Autonomous Intelligence and Agentic AI; Dropbox,"Barrett and Stokely is a generationally-owned real estate company specializing in multifamily leasing, property management, development, and investment management. With over 12,000 apartment homes in the Midwest, they focus on delivering exceptional resident experiences and enhancing neighborhoods through thoughtful development. The company prides itself on its commitment to outstanding customer service and employee satisfaction, fostering a supportive work environment. Their services cater to a diverse clientele, including residents seeking quality apartment homes and clients looking for comprehensive real estate solutions.",10833890
Bay Area Lutheran Homes Inc.,Green Bay,Wisconsin,Healthcare Services,286,Fraud Protection; Environmental Regulations; Energy Storage,"Woodside Senior Communities is a faith-based, non-profit organization providing a full continuum of housing and health care services for individuals aged 55 and older. Located in the greater Green Bay area, their offerings include skilled nursing, rehabilitation, assisted living, memory care, and independent living options. With over 50 years of experience, they prioritize treating residents and community members with respect in a warm, enriching environment. Their services are designed to adapt to the changing needs of residents, ensuring they can remain within the same community as their care requirements evolve.",301613113
BBS Automation Chicago Inc.,Garching bei Munchen,Bavaria,Manufacturing,1400,Fraud Protection; Environmental Regulations; Data Center Migration,"BBS is committed to providing engineering solutions which are not only financially feasible and structurally sound, but help improve safety, reliability and profitability. At BBS, assembly automation is constantly being redefined and researched to provide the best solutions for your specific manufacturing needs.",369283819
BCforward,Indianapolis,Indiana,Business Services,5984,Cloud Computing; End-to-End Encryption; Generative AI; File Sharing; Environmental Regulations; Enterprise Contact Center; Enterprise Resource Planning; Capacity Planning; Energy Storage; Artificial Intelligence; Dropbox; Autonomous Intelligence and Agentic AI; Advanced Analytics,"BCforward, founded in 1998 and headquartered in Indianapolis, Indiana, is a global IT consulting and workforce fulfillment firm that provides services and resourcing for leading businesses and government organizations.",353993749
Beam Longest & Neff,Kokomo,Indiana,Construction,155,Cloud Computing; Cloud Storage; End-to-End Encryption; Cloud Data; Environmental Regulations; Energy Storage; Encryption,"Egis is a leading global engineering and operating firm that specializes in architecture, consulting, construction engineering, and infrastructure management. The company collaborates closely with clients to create sustainable solutions across various sectors, including transport, urban development, and environmental services. With a presence in over 70 countries, Egis aims to address the challenges of climate change and promote resilient territorial development. Their multidisciplinary approach ensures that they support clients from the initial idea through to design and operation, focusing on smart and sustainable infrastructure.",359160554
Beaver Visitec International Inc.,Abingdon,Oxfordshire,Retail,255,,"Beaver Visitec International is a company that operates in the Home Improvement & Hardware Retail industry. It employs 250to499 people and has 10Mto25M of revenue. The company is headquartered in Abingdon, Oxfordshire, United Kingdom.",1157463898
Bernardin Lochmueller & Associates Inc.,Evansville,Indiana,Business Services,7,,"Bernardin Lochmueller Associates Inc is a company that operates in the HR & Staffing industry. It employs 5to9 people and has 500Kto1M of revenue. The company is headquartered in Evansville, Indiana.",1294594288
Bethany Lutheran Homes Inc.,Council Bluffs,Iowa,Healthcare Services,516,Disaster Recovery; Database Solutions; Energy Storage; Autonomous Intelligence and Agentic AI; Enterprise Infrastructure; Big Data Software,"Bethany Home provides a full continuum of senior care services, including skilled nursing care, assisted living, memory care, and independent living in Sioux Falls and Brandon, South Dakota. The organization focuses on creating a fulfilling lifestyle for seniors, offering tailored services and amenities to meet individual needs. With a commitment to quality care in a loving environment, Bethany Home aims to enhance the lives of its residents through various activities and support. The Bethany Foundation also supports the residents and staff through donations and contributions.",4538681
Better Bank Information Service Company,,,,,,,
Beverly Farm Foundation,Godfrey,Illinois,Healthcare Services,360,Digital Transformation; Fraud Protection; Environmental Regulations,"Beverly Farm is a caring home located in Godfrey, IL, dedicated to providing adults with developmental disabilities a secure and dignified quality of life. The organization offers a range of services including residential and day programs, an equestrian center, and opportunities for personal development. Their mission emphasizes physical and emotional security while fostering individual capabilities. Beverly Farm aims to create a supportive community for both residents and their families, ensuring a nurturing environment.",4571824
Bill Kay Chevrolet,Lisle,Illinois,Retail,89,,"Bill Kay Chevrolet is your source for new & used trucks, SUVs, & cars as well as service & parts. Visit the company's dealership in Lisle, IL today!",34232128
Bimba Manufacturing,University Park,Illinois,Manufacturing,340,Enterprise Contact Center,"Bimba, headquartered in University Park, Illinois, is a manufacturer of pneumatic, hydraulic, electric and vacuum motion solutions.",4719046
Birdsall Voss & Associates Inc.,Saint Paul,Minnesota,Construction,21,,"Birdsall, Voss & Associates Inc is a company that operates in the Architecture, Engineering & Design industry. It employs 20to49 people and has 500Kto1M of revenue. The company is headquartered in Saint Paul, Minnesota.",1304001868
BJ Electric,,,,,,,
Black Ensemble Theater,Chicago,Illinois,Hospitality,27,,"Black Ensemble Theater and Cultural Center produces high-caliber theatrical productions and offers community outreach through the arts. The organization provides training opportunities in theatrical and technical theater for youth. Its initiatives include plays with a purpose, summer job training, and support for black playwrights. The intended clients include local communities, youth, and supporters of the arts.",4866651
Blackfriars Corp.,,,,,,,
Blackhawk Community Credit Union,Janesville,Wisconsin,Finance,124,Enterprise Contact Center; End-to-End Encryption; Fraud Protection; Environmental Regulations,"Blackhawk Community Credit Union is dedicated to serving its members with integrity and care, offering a range of personal and business financial services. Their products include checking and savings accounts, credit cards, mortgage loans, and business lending solutions. The credit union emphasizes competitive rates and personalized service, aiming to empower members to achieve their financial goals. With over 60 years of experience, they are committed to community support and financial literacy.",13225219
Blitt & Gaines PC,Vernon Hills,Illinois,Law Firms & Legal Services,278,,"Blitt and Gaines, P.C. is a full-service collections law firm that specializes in legal collections, creditor bankruptcy representation, consumer litigation, and commercial litigation. The firm is committed to providing best-in-class representation while ensuring compliance with laws governing debt collection, including the Fair Debt Collection Practices Act. Their services are designed for clients seeking ethical and effective resolution of debt-related matters. Blitt and Gaines prioritizes treating customers with dignity and respect throughout the collections process.",14765191
Blue Harbor Resort Sheboygan LLC,Sheboygan,Wisconsin,Hospitality,365,Amazon Web Services (AWS); Fraud Protection; Data Center Migration; Autonomous Intelligence and Agentic AI,"Blue Harbor Resort & Conference Center is a tourist and business destination on the shores of Lake Michigan, and also rents space for events and weddings. They have many attractions and amenities, including a water park, spa, and golf. Located in Sheboygan, Wisconsin.",15436072
Blue River Services Inc.,Corydon,Indiana,Organizations,78,Enterprise Contact Center; Fraud Protection,"Blue River Services, Inc. offers a variety of programs and services aimed at supporting individuals with disabilities and their families. Their offerings include employment services, residential services, child and youth services, and community resources. The company is dedicated to enhancing the quality of life for its clients through initiatives like free pre-K programs and various community events. Blue River Services, Inc. primarily serves individuals with disabilities and their families in the local community.",1155151342
Bmw Constructors Inc.,Indianapolis,Indiana,Construction,841,GitHub; Environmental Regulations; Autonomous Intelligence and Agentic AI; End-to-End Encryption,"Founded in 1955, BMWC Constructors is a construction company that provides fabrication aerospace, chemical, and electric power. BMWC Constructors is located in Indiana.",15977647
Bmwc Group Inc.,Indianapolis,Indiana,Construction,841,GitHub; Environmental Regulations; Autonomous Intelligence and Agentic AI; End-to-End Encryption,"Founded in 1955, BMWC Constructors is a construction company that provides fabrication aerospace, chemical, and electric power. BMWC Constructors is located in Indiana.",15977647
Bou Matic L L C,,,,,,,
Bowen Engineering Corp.,Indianapolis,Indiana,Construction,350,Generative AI; Compliance,"Bowen Engineering, founded in 1967 and headquartered in Indianapolis, Indiana, is a self-performing general contractor that specializes in water and wastewater treatment plants, energy utility construction, and performance contracting. .",1161044532
Boys & Girls Club of Greater Milwaukee,Milwaukee,Wisconsin,Organizations,600,Disaster Recovery; Generative AI,"Boys and Girls Club is located in Atlanta, Georgia and was founded in 1860. Boys & Girls Club is a non-profit organization for children to be in sports, art and clubs.",343391581
Brainlab SE,,,,,,,
Brandenburg Industrial Service Company,Chicago,Illinois,Construction,800,,"Founded in 1968, headquartered in Chicago, Illinois, Brandenburg Industrial Service specializes in demolition and environmental remediation.",5407704
BRINDLEY ENGINEERING Corp.,Lisle,Illinois,Construction,94,External Hard Drive,"Brindley Engineering is an industrial engineering firm that specializes in providing quality engineering solutions for complex structural maintenance issues across various industries, including oil & gas, chemicals, renewable energy, pharmaceuticals, and manufacturing. Their expertise encompasses capital projects, maintenance programs, turnarounds, reliability initiatives, and construction solutions, ensuring efficient and sustainable designs. The company emphasizes a field-forward approach, integrating practical understanding into their engineering and design processes. Brindley Engineering aims to improve existing infrastructure and embrace new technologies to drive sustainable progress in the industries they serve.",357543485
Bsa Lifestructure,,,,,,,
Burrell Communications,Chicago,Illinois,Business Services,176,Generative AI; Autonomous Intelligence and Agentic AI,"Burrell Communications is an advertising agency whose assignments are among those tracked by The New York Times. Founded in 1971 and headquartered in Chicago, Illinois, Burrell Communications is one of the largest multi-cultural marketing firms in the world.",5931564
BuySellAds.com Inc.,Boston,Massachusetts,Business Services,35,,"BuySellAds transformed the way advertising was transacted online with the introduction of its Marketplace in 2008. BuySellAds's five advertising technology platforms - Marketplace, Carbon Ads, Syndicate, Launchbit, and Self-Serve Direct - provides advertisers with direct access to the industry's top performing inventory. The company's platforms empower both advertisers and publishers by bridging the ad tech divide. Today, the company works with more than 12,000 advertisers and help them connect with the internet's most passionate audiences.",347940259
C. R. Meyer and Sons Company,Oshkosh,Wisconsin,Construction,1000,Enterprise Contact Center; Fraud Protection; Environmental Regulations; Energy Storage; Databases,"C.R. Meyer & Sons is a construction management, consulting, and general contracting services provider for commercial and industrial projects. Founded 1888, the company is headquartered in Oshkosh, WI.",29364348
Career Horizons Inc.,,,,,,,
Carlinville Area Hospital,Carlinville,Illinois,Hospitals & Physicians Clinics,318,Compliance,"Carlinville Area Hospital, headquartered in Carlinville, Illinois, is a licensed 25-bed acute care hospital that provides a wide range of inpatient, outpatient and emergency services.",6832240
Catalyst Exhibits Inc.,Kenosha,Wisconsin,Business Services,131,,"Catalyst Exhibits designs and produces custom tradeshow exhibits for purchase and rental for the Consumer Electronics Show (CES). Catalyst approaches exhibiting from a marketing standpoint, and are thus able to achieve the best return on investment for our clients. We invite you to read the 2014 Trends Talk or simply scroll down to learn more about our active involvement at CES. Browse some of our work below.",19613750
CDM Media,,,,,,,
Central Bank Illinois,Geneseo,Illinois,Finance,178,Environmental Regulations,"Central Bank Illinois offers a wide range of personal and business banking services, including checking and savings accounts, loans, and credit cards. Their products cater to individuals looking for personal finance solutions as well as businesses seeking financial support and management services. The bank emphasizes community involvement and provides wealth management services to help clients achieve their financial goals. With features like mobile banking and online account opening, Central Bank Illinois aims to enhance the banking experience for its customers.",351578174
Central Illinois Trucks,Normal,Illinois,Retail,790,Generative AI; Fraud Protection; Autonomous Intelligence and Agentic AI,"Since 1975, CIT Trucks, LLC has proudly served the transportation industry. Our consolidated enterprises employ over 650 people and represent Kenworth, Volvo, Mack, Isuzu, and Autocar product lines in 15 locations serving sales territories in Illinois, Missouri, and Indiana. Additionally, the company owns subsidiaries Central Truck Leasing, a wholly-owned truck rental and leasing company, and Central Truck Finance, a wholly-owned financial services company.",354038005
Central Indiana Regional Blood Center Inc.,Milwaukee,Wisconsin,Healthcare Services,2300,External Hard Drive; Backup & Recovery Software; Digital Transformation; Generative AI; Cloud Storage; Fraud Protection; Cloud Data; Environmental Regulations; App Analytics Companies; Energy Storage; Artificial Intelligence; Cloud Computing,"Versiti, a national leader in blood health innovation, was formed with the mission to improve the health of patients and enable the success of our healthcare partners nationally. We provide innovative, value-added solutions in the fields of transfusion medicine, transplantation, and blood-related diseases to meet the needs of each of our customers. The collective efforts across Versiti result in improved patient outcomes, expanded access to care, and cost efficiencies for healthcare systems nationwide.",388096303
Central States Enterprises Co,Lake Mary,Florida,Retail,114,,"Our business philosophy, is grounded in flexibility, innovation, cooperation, partnering, and service. Though we may have our share of capital assets we see ourselves as a service based business. At Central States Enterprises we understand that our success is based on our customers success and on their growing confidence in us.",22612876
Centro,Chicago,Illinois,Software,670,,"Founded in 2001, Centro is a provider of trading and media operations software for digital advertisers. Advertisers use Centro's software, Basis, for digital media planning and buying, ad operations, and finance and reconciliation. Centro is located in Illinois.",44242592
Charleston Transitional Facility,Orland Park,Illinois,Organizations,430,,"At CTF Illinois, the company creates pathways toward independence, a higher quality of life, and economic prosperity for people with intellectual and developmental disabilities. The company's mission is to empower the people the company supports to live the life they want to live. The company believes that together, the company's Communities can Transform Futures for people with disabilities. The company believes in individuality and hands-on learning, and create person-centered plans of service for each person the company supports.",27594931
Checkmarx Inc.,Atlanta,Georgia,Software,900,Cloud Computing; End-to-End Encryption; Digital Transformation; File Sharing; Environmental Regulations; Application Performance; Energy Storage; Databases; Cyber Intelligence; Data Center Migration; Dropbox; Big Data Software; Generative AI,"Checkmarx is the global leader in software security solutions for modern enterprise software development. Checkmarx delivers the industry's most comprehensive Software Security Platform that unifies with DevOps and provides static and interactive application security testing, software composition analysis, and developer AppSec awareness and training programs to reduce and remediate risk from software vulnerabilities.",37429250
Chemrite Copac Inc.,Lannon,Wisconsin,Manufacturing,59,Environmental Regulations,"ChemRite CoPac provides high-quality contract manufacturing solutions specializing in liquid formulation, blending, filling, and packaging services. They cater to a wide range of markets including automotive, household products, personal care, and pet care. the company emphasizes customer satisfaction and product safety through rigorous quality control measures. Their versatile production capabilities and commitment to excellence make them a trusted partner for businesses of all sizes.",55498056
Chicago Blower,Glendale Heights,Illinois,Manufacturing,105,Digital Transformation; Business Intelligence; Environmental Regulations; Advanced Threat Protection (ATP),"Chicago Blower Corporation specializes in the design and manufacturing of a wide range of industrial fans and blowers for various applications across many industries, including aerospace, agriculture, and chemical processing. With over 75 years of experience and ISO 9001 certification, they provide both pre-engineered and custom fan solutions tailored to client specifications. Their offerings include centrifugal fans, airfoil fans, high-efficiency plug fans, and accessory components, while also delivering services such as engineering, testing, and fan modifications. Chicago Blower is recognized globally for the quality and reliability of its products, supported by a strong network of local representatives in over 40 countries.",17402784
Chicago Historical Society,Chicago,Illinois,Hospitality,92,,"Chicago Historical Society is a company that operates in the Cultural & Informational Centers industry. It employs 50to99 people and has 10Mto25M of revenue. The company is headquartered in Chicago, Illinois.",57200423
Chicago History Museum,Chicago,Illinois,Hospitality,144,Autonomous Intelligence and Agentic AI,"The Chicago History Museum serves as a museum and research center dedicated to Chicago and U.S. history, providing a platform for learning, inspiration, and civic engagement. It offers a variety of exhibitions, educational programs, and events aimed at connecting visitors with the rich history of Chicago. The museum also features the Abakanowicz Research Center, which houses extensive archives and collections for research purposes. Its intended clients include students, educators, families, and anyone interested in exploring the historical narratives of Chicago.",58527348
Chicago White Sox,Chicago,Illinois,Hospitality,195,Environmental Regulations; Application Performance; Data Center Migration; Flash Storage; Autonomous Intelligence and Agentic AI; Artificial Intelligence,"Founded in 1894, The Chicago White Sox is an American professional baseball team that competes in Major League Baseball as a member club of the American League Central division The Chicago White Sox are based in Chicago, Illinois.",16403839
Children's Bureau,Los Angeles,California,Organizations,318,GitHub; Environmental Regulations,"All For Kids is a non-profit organization based in California that focuses on the prevention, treatment, and welfare of child abuse and neglect for at-risk families in Los Angeles and Orange Counties. They provide a range of services including parenting support, behavioral health services, and foster-adopt assistance. Their mission emphasizes nurturing child well-being through collaboration and education, aiming to create a safe environment for every child. By connecting families with tailored resources and community support, All For Kids strives to empower parents and promote children's development.",18581499
Children's Museum of Indianapolis Inc.,Indianapolis,Indiana,Hospitality,377,App Analytics Companies; Enterprise Contact Center; Environmental Regulations,"The Children's Museum of Indianapolis is a nonprofit organization dedicated to igniting joy, wonder, and curiosity through powerful learning experiences for children and adults. It offers a wide range of interactive exhibits, daily activities, and special events across five floors, making it the largest children's museum in the world. The museum aims to provide accessible and inclusive experiences for families, with various community programs and partnerships. Its mission is supported by memberships, donations, and volunteer opportunities, ensuring a positive impact at local, national, and global levels.",28528418
Christopher Greater Area Rural Health Planning Corp.,Christopher,Illinois,Hospitals & Physicians Clinics,337,Digital Transformation; Enterprise Resource Planning; Environmental Regulations,"Christopher Rural Health Planning Corporation is a health service provider based in Southern Illinois, operating 15 Federally Qualified Health Center locations. They offer a range of services including medical, dental, behavioral health, nutrition, and pharmacy care. The organization is committed to ensuring equal access to healthcare for all patients, providing sliding fee discounts for both insured and uninsured individuals. Their mission is to deliver comprehensive, quality healthcare to the communities they serve.",24843265
Chromasource Inc.,Columbia City,Indiana,Manufacturing,102,Autonomous Intelligence and Agentic AI,"ChromaSource specializes in producing a wide range of color-related products, including color brochures, fan decks, color strips, and architectural color sets for major paint manufacturers both in the United States and internationally. Established in 1996, the company is dedicated to helping customers find their favorite colors through high-quality color selection tools. Their offerings also include design consulting and inventory management services, catering to clients in the paint and design industries. ChromaSource aims to enhance everyday life by making color an integral part of it.",17911156
CHS Private Equity V LP,,,,,,,
Cinergy Metronet Inc.,Evansville,Indiana,Telecommunications,3000,Enterprise Contact Center; End-to-End Encryption; Digital Transformation; Fraud Protection; Amazon Web Services (AWS); Capacity Planning; Energy Storage; Advanced Analytics; Autonomous Intelligence and Agentic AI; Compliance; Encryption; Generative AI; Advanced Threat Protection (ATP); Environmental Regulations; Enterprise Resource Planning; Business Analytics; App Analytics Companies; Artificial Intelligence,"Metronet is a customer-focused company providing cutting-edge fiber-optic telecommunication services, including high-speed Fiber Internet and full-featured Fiber Phone",357376263
Citizens Bank Holding Inc.,Kalispell,Montana,Finance,3658,Environmental Regulations; Autonomous Intelligence and Agentic AI,"Glacier Bancorp, Inc. is a bank holding company. It provides banking transaction and savings deposits, commercial, consumer, and real estate loans, and mortgage origination services. The company was established in 1955 and is headquartered in Kalispell, Montana.",60475345
Citizens State Bank,Buffalo,Texas,Finance,76,End-to-End Encryption; Environmental Regulations,"Citizens State Bank is a community-focused financial institution established in 1925 that serves individuals and businesses across a thirteen-county region in Central Texas, including Leon, Freestone, Limestone, Madison, Robertson, Houston, Anderson, Bosque, McLennan, Ellis, Johnston, Hill, and Navarro counties. With its main office located in Buffalo, Texasstrategically positioned at the crossroads between Houston and Dallas on Interstate 45 and Highway 79Citizens State Bank has built over seventy-five years of trusted banking relationships throughout Leon County and surrounding communities. The bank operates additional locations in key regional centers including Centerville, Whitney, Itasca, and Hubbard, each positioned to serve growing and established markets across Central Texas. Citizens State Bank is a subsidiary of Industry Bancshares, Inc., a holding company formed in 1993 by local shareholders in the Industry, Texas community that also owns Industry State Bank, Fayetteville Bank, and ISB Insurance, creating a diversified financial services platform. The bank offers a comprehensive suite of banking products and services designed to enhance convenience and accessibility for its customer base, including twenty-four-hour touch-tone banking and automated teller machines at all branch locations. By combining deep local market knowledge with modern banking technology and a commitment to personalized service, Citizens State Bank serves as a reliable financial partner for both personal and commercial banking needs throughout Central Texas, supporting the region's diverse communities from rural areas to developing urban centers.",25939024
CL&D Graphics Inc.,Hartland,Wisconsin,Manufacturing,336,End-to-End Encryption; Environmental Regulations,"Founded in 1978 and headquartered in Hartland, Wisconsin. CL&D Graphics provides packaging and labeling solutions. It offers roll-fed film labels, shrink sleeves, pressure-sensitive labels, lidding/backfilm packages, preprinted thermoform solutions, and specialty label and packaging enhancements; and cold and heat seal flexible packaging, pouches, and gusseted pouches. The company also provides technical field support, graphics support, and print food and non-food contact packaging services. It serves food, beverage, health and beauty, pharmaceutical, industrial, nutraceutical, household, pet product, and automotive markets.",25693982
Clark Memorial Hospital,Jeffersonville,Indiana,Hospitals & Physicians Clinics,1614,,"Founded 1922, Clark Memorial Health provides a variety of different health care services. This hospital is a comprehensive medical center providing advanced medical care. Clark Memorial is headquartered in Jeffersonville, Indiana.",23317691
Clarke Mosquito Control,Saint Charles,Illinois,Consumer Services,200,Generative AI; Autonomous Intelligence and Agentic AI,"Clarke provides mosquito control products, services, and equipment designed to protect public health and improve quality of life in communities around the world. The company supports government, commercial, and residential programs with environmentally responsible solutions for vector management, surveillance, and disease prevention.",8372755
Clasen Quality Coatings,Madison,Wisconsin,Manufacturing,465,Generative AI; Environmental Regulations; Autonomous Intelligence and Agentic AI,"Founded in 1966, Clasen Quality Chocolate manufactures chocolate confections, as well as chocolate coatings for industrial use in the candy making industry. Their headquarters is in Madison, Wisconsin.",8373146
Clausen Miller P.C.,Chicago,Illinois,Law Firms & Legal Services,255,Generative AI; Environmental Regulations; Autonomous Intelligence and Agentic AI,"Clausen Miller is a law firm specializing in insurance defense, representing the insurance industry since 1936. The firm offers a wide range of services including first and third-party insurance coverage, reinsurance matters, and litigation defense across the United States. They also provide legal representation for school districts and have expertise in technology and cyber law, subrogation, and appellate practices. Their intended clients include insurance companies, school districts, and various businesses facing legal challenges.",8405243
Click Bond Inc.,Carson City,Nevada,Manufacturing,589,Cloud Computing; Generative AI; Environmental Regulations; Databases; Autonomous Intelligence and Agentic AI; Fraud Protection; Compliance,"Click Bond, Inc. specializes in adhesive-bonded fasteners for various sectors including aerospace, defense, marine, automotive, rail, energy, and industrial markets. Their product offerings include rivetless nutplates, studs, standoffs, mounts, and adhesives, catering to applications such as cables, wiring, and structural components. The company serves a diverse clientele ranging from commercial and military aviation to automotive and green energy industries. With a global network of representatives, Click Bond aims to provide tailored fastening solutions to meet specific design challenges.",26692133
CMG Holdings Group Inc.,Chicago,Illinois,Holding Companies & Conglomerates,17,,"CMG Holdings Group Inc. specializes in fostering growth within the entertainment and experiential marketing sectors. The company leverages its capital and expertise to support various ventures. With a significant increase in revenues, CMG Holdings aims to enhance its impact in the industry. Their intended clients include businesses seeking to expand their presence in entertainment and marketing.",1240550756
Colony Hardware Corp.,Orange,Connecticut,Retail,558,External Hard Drive; Business Intelligence; Environmental Regulations; Energy Storage; Autonomous Intelligence and Agentic AI,"Founded in 1988, Colony Hardware is a industrial equipment distributor offering s tools, equipment, fasteners, and safety products. Colony Hardware is located in Connecticut.",56317883
Colson Associates Inc.,,,,,,,
Columbia Pipe and Supply Company,Chicago,Illinois,Retail,714,,"Established in 1935 and headquartered in Chicago, Illinois, Columbia Pipe & Supply Co. provides a range of products, services and solutions for piping needs.",26546554
Columbus Community Hospital,Columbus,Nebraska,Hospitals & Physicians Clinics,682,Endpoint Protection; Environmental Regulations; Autonomous Intelligence and Agentic AI; Advanced Threat Protection (ATP),"Columbus Community Hospital is a 40-bed, acute care medical and surgical facility recognized throughout the community as a comprehensive health care organization. The Hospital is located in Columbus, Nebraska.",33756252
Comlux America LLC,Indianapolis,Indiana,Transportation,380,Business Intelligence; Autonomous Intelligence and Agentic AI,"Comlux specializes in private jet charter, sales, and management services, catering to discerning VIP clients who prioritize luxury, safety, and discretion. They offer bespoke aviation solutions, including tailored aircraft management and operational support, ensuring a seamless experience for both ownership and charter clients. With a global presence and a commitment to excellence, Comlux provides expert guidance in aircraft transactions and personalized charter services for business and leisure travel. Their integrated suite of services is designed to enhance the ownership experience and deliver operational precision throughout the aircraft lifecycle.",24137734
Comlux Aviation,Indianapolis,Indiana,Transportation,380,Business Intelligence; Autonomous Intelligence and Agentic AI,"Comlux specializes in private jet charter, sales, and management services, catering to discerning VIP clients who prioritize luxury, safety, and discretion. They offer bespoke aviation solutions, including tailored aircraft management and operational support, ensuring a seamless experience for both ownership and charter clients. With a global presence and a commitment to excellence, Comlux provides expert guidance in aircraft transactions and personalized charter services for business and leisure travel. Their integrated suite of services is designed to enhance the ownership experience and deliver operational precision throughout the aircraft lifecycle.",24137734
Community Foundation of St Joseph County,South Bend,Indiana,Organizations,9,,"The Community Foundation of St. Joseph County is a nonprofit philanthropic endowment dedicated to enhancing the lives of residents in St. Joseph County, Indiana. It offers various services including the establishment of funds, scholarships, and competitive grants to support local nonprofits and community initiatives. The foundation aims to connect donors with meaningful causes and provides resources for planned giving and estate planning. Its initiatives focus on education, arts, and community development, fostering a legacy of compassion and leadership.",21351413
Community Hospital Of Bremen,Bremen,Indiana,Hospitals & Physicians Clinics,170,Generative AI; Energy Storage; Autonomous Intelligence and Agentic AI,"Founded in 1948, Community Hospital of Bremen is a not-for-profit, 25-bed Critical Access Hospital serving the healthcare needs of Bremen and the surrounding communities. We are dedicated to providing high quality, compassionate care to the patients we serve. With the opening of our new facility in 2006, our motto ""Our family caring for yours"" is our pledge to offer the highest level of care by competent, caring physicians and staff.",5000031754
Compass Mortgage Inc.,Warrenville,Illinois,Finance,114,Environmental Regulations,"Compass Mortgage is a provider of finance and mortgage services. The company is headquartered in Warrenville, Illinois.",28724283
Concourse Hotel Inc.,Dublin,Ohio,Hospitality,13,,"Concourse Hotel Inc is a company that operates in the Lodging & Resorts industry. It employs 10to19 people and has 1Mto5M of revenue. The company is headquartered in Dublin, Ohio.",1268883175
Concurrency Inc.,Brookfield,Wisconsin,Business Services,130,Generative AI; Autonomous Intelligence and Agentic AI,"Concurrency helps clients find better ways to leverage technology to fulfill their strategies and improve their businesses. Founded in 1989, Concurrency is a business and technology professional services firm driving technology innovation and organizational change management. Concurrency helps companies digitally transform business operations by leveraging Data & AI, Cloud Datacenter and DevOps, Modern Apps, and Workplace Productivity. Concurrency is headquartered in Brookfield, Wisconsin with additional offices in Chicago and Minneapolis. The firm is a multiple-time Microsoft Partner of the Year winner, Microsoft National Solution Provider, and ServiceNow Elite Partner.",19304005
CONSTRUCTION RESOURCES MANAGEMENT,,,,,,,
Coulee Bank,La Crosse,Wisconsin,Finance,81,,"Coulee Bank is a local bank based in La Crosse, WI, offering a comprehensive range of personal and business banking services. Their product offerings include various checking and savings accounts, loans, mortgages, and wealth management services, all designed to meet the needs of individuals and businesses. The bank is FDIC-insured and emphasizes customer service and community involvement. Coulee Bank aims to support clients in managing and growing their financial resources effectively.",17664316
Creative Group Inc.,,,,,,,
Crossroads Bank,Effingham,Illinois,Finance,24,Cloud Computing; Digital Transformation; Fraud Protection,"Crossroads Bank cover lending options for commercial, mortgage, and personal needs and Crossroads Bank also offer trust services. Here at Crossroads Bank, Crossroads Bank knows how important technology is in today's world and Crossroads Bank will continue to keep pace with all the new technological innovations in the banking industry. Online banking has made it possible for Crossroads Bank customers to live anywhere and still maintain their relationship with Crossroads Bank! Whatever the reason or whichever direction you are headed in life, all roads will lead you to Crossroads Bank. The bank remains locally owned and operated; Crossroads Bank is truly a community bank! Crossroads Bank Have Two Locations For Your Convenience",1160869658
Crystal Valley Financial Corp.,Middlebury,Indiana,Finance,111,,"First State Bank is a wholly owned subsidiary of the Crystal Valley Financial Corporation and is a locally owned, independent community bank providing consumer, agricultural, business and commercial financial services since 1910. In recent years the corporation has expanded Asset Wealth Management Services through the Trust/Wealth Management Department. The bank is headquartered in Middlebury, Indiana. The company's mission statement is as follows: The mission of the First State Bank is to be a stable independent community bank that offers the highest quality products and services to its customers. First State Bank will focus on developing and retaining the highest quality people to deliver long-term sustainable earnings, a strong capital base and increasing shareholder value.",44307585
Ctl Group,,,,,,,
Cuattro,Golden,Colorado,Manufacturing,31,,"Cuattro specializes in advanced digital radiography solutions tailored for medical, security, and industrial applications. Their product lineup includes high-definition X-ray systems that provide rapid imaging and rugged, portable devices designed for tactical and non-destructive testing. The company focuses on delivering next-generation technology that enhances cost-effectiveness and ease of use. Intended clients include healthcare providers, security agencies, and industries requiring non-destructive testing solutions.",355352702
Dane County Parent Council,Madison,Wisconsin,Education,186,,"Satellite is a not-for-profit program that supports approximately 100 family child care homes located in the Madison, Wisconsin, area. Family child care providers care for small groups of children in their homes. Children spend their days in a home environment and establish a caring relationship with a consistent provider. Each Satellite program is unique, yet meets or exceeds strict child care standards. Satellite consultants work with each provider to maintain an environment that enhances the emotional, physical, social, and intellectual development of each child. Each Satellite family child care home operates as an independent business with its own hours of operation, business practices, and rates. The family child care provider remains self employed, but has the support of Satellite's staff and resources. All Satellite providers work to meet the standards of quality established by the City of Madison Office of Community Services, which is called Madison Accreditation. This is a higher standard of regulation than State Licensing or County Certification. Satellite consultants visit providers a minimum of 5 times per year to ensure they are meeting the accreditation standards [pdf]. Providers are eligible for reaccreditation annually.",105531575
Danzer Services Inc.,Dornbirn,Vorarlberg,Manufacturing,1607,Fraud Protection; Environmental Regulations,"Danzer is a group of woodworking companies that produce and sell lumber, wood veneers, and hardwood decorative applications. Established in 1932, Danzer is headquartered in Austria.",34491736
Darwill Inc.,Hillside,Illinois,Business Services,350,,"Founded in 1951 and still family-owned, Darwill is a full-service omnichannel performance marketing company serving national and local businesses across the United States. With experience, They specialize in designing and executing complex, data-driven marketing campaigns that deliver measurable results. What makes Darwill different is how They connect data, creative, and channel strategy under one roof. Their in-house Data Science and Data Engineering teams build and maintain the audience intelligence that powers every campaign - stitching together proprietary data, in-house direct mail production, digital marketing, and real-time reporting into a single integrated program built around client goals. They serve multi-location and franchise-based businesses across Home Services, Hearing Care, Dental, Retail, Medical, and FinTech -helping them acquire new customers, reactivate lapsed ones, and grow smarter in competitive markets.",10568298
David A Noyes & Co,Chicago,Illinois,Finance,126,Autonomous Intelligence and Agentic AI; Fraud Protection,"Noyes, through its subsidiaries David A. Noyes & Company and Noyes Advisors, LLC is a full-service investment firm headquartered in downtown Chicago with branches throughout the Midwest. Founded in 1908, the firm is one of the oldest securities firms in Chicago, and has served the Indianapolis area for nearly 80 years. The employee owned firm offers a comprehensive menu of products and services to individual and institutional clients. Noyes has seven offices in Illinois, Indiana and Michigan. For more visit http://danoyes.com.",32738785
Dearborn County Hospital,Lawrenceburg,Indiana,Organizations,505,,"The Dearborn Community Foundation, Inc. (DCF) is dedicated to building philanthropic resources within the community since its inception in 1997. It facilitates the creation of permanently endowed funds to address charitable needs both now and in the future. DCF connects individuals with their charitable interests and community needs, while also providing opportunities for scholarships and grants. The foundation aims to enhance the quality of life in Dearborn County by advancing cultural, educational, and social opportunities.",77023185
Dental Health Products Inc.,Little Suamico,Wisconsin,Manufacturing,173,Cloud Computing; Cloud Storage; Cloud Data,"DHP is a leading distributor of dental supplies, equipment, and practice solutions, serving thousands of dental practices and clinics across the nation. The company offers a wide range of products including anesthetics, imaging equipment, and infection control products, as well as practice management tools and financing options. DHP is committed to providing exceptional customer support through a team of knowledgeable sales professionals and comprehensive resources. Their goal is to help dental professionals effectively manage their practices while ensuring access to high-quality dental products.",34540685
Diocese of Fort Wayne-South Bend Investment Trust Inc.,Fort Wayne,Indiana,Media & Internet,112,,"Here in the Diocese of Fort Wayne-South Bend, Todays Catholic isnt just the name of our newspaper: its who were created to be. From sprawling metropolises to countryside living, we each participate in the Body of Christ in our own unique way. Through our self-gift, devotions, authentic human relationships, we all inscribe a distinct page of the Catholic story. At Todays Catholic, its our mission to tell that story, articulating an example of faith that invites deeper participation into life with Christ.",244400285
Diocese of La Crosse,La Crosse,Wisconsin,Organizations,86,Generative AI; Databases; Autonomous Intelligence and Agentic AI,"The Diocese of La Crosse offers a range of ministries and services including catechesis, evangelization, and support for marriage and family life. It serves various clients including parishes, schools, and individuals seeking to deepen their faith. The organization also focuses on social concerns, stewardship, and the well-being of its clergy and community members, with particular emphasis on safe environments and protection for vulnerable populations. Additionally, it promotes various events and educational opportunities to strengthen the Catholic community in the region.",11370672
Disa Holding Corp.,Lagrange,Georgia,Holding Companies & Conglomerates,26,,"Disa Holding LLC is a company that operates in the Holding Companies industry. It employs 20to49 people and has 5Mto10M of revenue. The company is headquartered in Lagrange, Georgia.",1295256559
Door County YMCA,,,Hospitality,21,,"Door County Today serves as a comprehensive portal for exploring the Door Peninsula, offering a variety of information on lodging, dining, shopping, arts, activities, and events. It caters to tourists and local residents alike, providing resources for travel, trip ideas, guides, and maps. The platform also features local news, historical insights, and highlights of community events. With a focus on enhancing the visitor experience, Door County Today aims to showcase the unique charm and attractions of the region.",458660425
Doro Inc.,,,,,,,
Dunn Hospitality Group Ltd.,Evansville,Indiana,Hospitality,45,,"Dunn Hospitality Group is a hotel development and management company operating franchised properties including IHG, Hilton, Hyatt, and Marriott branded hotels in Indiana, Kentucky, and surrounding states.",71616462
Duratech Industries Inc.,La Crosse,Wisconsin,Business Services,246,App Analytics Companies; Amazon Web Services (AWS); Environmental Regulations; Advanced Threat Protection (ATP),"DuraTech Industries were established in 1977 in Galesville, WI. It is a fast paced, growing industrial printing company that provides decorative and functional identification products to Fortune 500 companies. DuraTech Industries serves the product identification needs of OEMs, including product identification labels, in the automotive, computer, electronic and medical fields. Its diverse portfolio of products and services allows to provide complimentary components in a custom package. The company is headquartered in Wisconsin.",23367635
E+E Elektronik Corp.,Engerwitzdorf,Upper Austria,Manufacturing,342,,"E+E Elektronik is an Austrian developer and manufacturer of high-precision sensors, handheld measuring devices, and data loggers, specializing in humidity, temperature, pressure, and flow measurement. Their advanced products are designed to optimize production processes, reduce downtime, and ensure reliable long-term performance across various industries including HVAC, agriculture, and pharmaceuticals. With over 40 years of experience, E+E Elektronik provides accredited sensor calibration and efficient global service through local branches. The company is committed to high-quality standards and continuous innovation, serving clients in more than 65 countries.",347929449
Easter Seals ARC of Northeast Indiana,,,,,,,
Echo Inc.,Lake Zurich,Illinois,Manufacturing,1750,Environmental Regulations; Generative AI; Data Center Migration; Autonomous Intelligence and Agentic AI; Fraud Protection; Dropbox,"For the past 40 years, ECHO Incorporated has been a worldwide leader in the development and manufacture of professional-grade, hand-held outdoor power equipment for both the commercial and homeowner markets. Today it sells its products in North America through ten distributors managing 6,600 independent dealers. ECHO products can be found in Home Depot stores in the U.S., Canada, Mexico and Puerto Rico, while an additional 24 Latin American distributors sell ECHO products through a variety of store channels. The company prides itself on setting the industry standard with its dedication to new technology, quality products and its strong distribution infrastructure. From establishing technological advancements in premium tools for landscaping and arborist professionals, to expanding its capabilities to meet industrial and consumer demand, ECHO has a heritage rich of accomplishments.",36655733
Edgerton Hospital and Health Services,Edgerton,Wisconsin,Hospitals & Physicians Clinics,167,,"Edgerton Hospital is a local, independent health system that provides a comprehensive range of healthcare services including acute care, emergency care, rehabilitation, and specialty services. The hospital operates multiple clinics and urgent care facilities, offering services such as cardiac rehabilitation, mental health support, and telemedicine. Their intended clients include individuals seeking various medical treatments, from primary care to specialized services. Edgerton Hospital is committed to community health and wellness, providing resources and support for patients and their families.",52598422
Electronics Research Inc.,Chandler,Indiana,Manufacturing,150,,"Founded in 1943, Electronics Research Inc designs, develops, manufactures and offers broadcasting products and services. The company provides its products including antennas, transmission lines, towers, filter combiners and broadcasting services to the broadcasting industry. The company is headquartered in Chandler, Indiana.",28247598
Elite Labor Services Ltd.,,,,,,,
Elite Staffing Inc.,Chicago,Illinois,Business Services,2500,Enterprise Contact Center; Application Performance; Fraud Protection; Environmental Regulations; Generative AI; Autonomous Intelligence and Agentic AI; Enterprise Infrastructure,"Elite Staffing provides staffing services and temporary employment opportunities for a wide range of clients, from business owners in search of employees, to candidates in search of employment. Elite Staffing is headquartered in Chicago, Illinois.",40015972
Elwood Staffing Services Inc.,Columbus,Indiana,Business Services,1000,Enterprise Contact Center; Cloud Backup & Recovery; App Analytics Companies; Digital Transformation; Generative AI; Amazon Web Services (AWS); Environmental Regulations; Capacity Planning; Energy Storage; Databases; Autonomous Intelligence and Agentic AI; Fraud Protection; Enterprise Infrastructure; File Servers; Big Data Software,"Founded in 1980, Elwood Staffing®, a privately owned corporation, is a leading provider of talent-based solutions and actionable workforce intelligence. With offices that span the United States, a broad service portfolio, and a seasoned staff, we support companies through the entire employment life cyclefrom attraction to retention.",17909189
Engine & Transmission Exchange Inc.,Waukesha,Wisconsin,Consumer Services,56,,"Engine & Transmission Exchange is a trusted automotive service provider based in Wisconsin, specializing in complete automotive and truck services since 1985. Their certified technicians utilize the latest tools and equipment to offer a range of services, including routine maintenance, transmission repair, and full engine repairs. The company prides itself on delivering quality service at fair prices, catering to drivers in the Milwaukee and Waukesha areas. With a commitment to customer satisfaction, they have built a reputation for professionalism and reliability in the automotive repair industry.",411875548
Englewood Marketing Group,Green Bay,Wisconsin,Transportation,150,Fraud Protection; Advanced Analytics; Artificial Intelligence; Cloud Computing; Dropbox,"Englewood Marketing Group (EMG) is a national distribution, marketing, and logistics solutions provider specializing in category-leading kitchen, home, and personal care products. The company partners with both world-class and emerging brands to deliver quality and value through innovative product solutions. EMG offers a range of services including logistics solutions, global sales, direct-to-consumer options, and inventory management innovations. Their commitment to excellence ensures that they meet the diverse needs of their clients.",354064814
Enkei America Inc.,Columbus,Indiana,Manufacturing,646,Amazon Web Services (AWS),"Enkei America Inc is a company that operates in the Automotive Parts industry. It employs 500to999 people and has 50Mto100M of revenue. The company is headquartered in Columbus, Indiana.",397692888
Enlivant,Chicago,Illinois,Healthcare Services,7000,,"Enlivant, founded in 1981 and headquartered in Chicago, Illinois, owns and operates senior assisted living and respite care communities.",358888558
Eon Group,,,,,,,
Evans Transportation Services Inc.,Delafield,Wisconsin,Transportation,100,Generative AI,"Evans is a full-service, third-party provider of custom logistics solutions for North American shippers headquartered in Brookfield, WI. The company provides full truckload, less-than truckload, transpiration management, parcel contracts and more.",351425601
Evergreen Retirement Community Inc.,Oshkosh,Wisconsin,Healthcare Services,299,Big Data Software,"Evergreen is a Christian non-profit Life Plan Community serving older adults ages 55 and better. Located in a pleasant residential neighborhood in Oshkosh, Wisconsin, Evergreen offers many options to meet unique needs. Their 35-acre campus features beautiful, natural surroundings and is bordered by the Oak Savanna Woodlands. It is home to almost 250 residents, and is also a destination for families, community members, volunteers, non-profit groups and other visitors.",42535426
Executive Management Services of Indiana Inc.,Greenfield,Indiana,Business Services,4000,Databases; Artificial Intelligence,"Established in 1989 and headquartered in Greenfield, Indiana, Executive Management Services (EMS) specializes in commercial, educational, manufacturing and medical cleaning solutions, and also offers security, maintenance, and exterior care services.",347760622
ExteNet Systems Inc.,Lisle,Illinois,Telecommunications,170,Digital Transformation; Application Performance; Database Solutions; Autonomous Intelligence and Agentic AI,"Over two decades, we have become the nations premier privately held provider of communications infrastructure and services addressing outdoor and in-building wireless, fiber and other advanced connectivity needs.",98207942
F S Bancorp,Lagrange,Indiana,Business Services,3,,"F S Bancorp is a company that operates in the Information & Document Management industry. It employs 1to4 people and has under500K of revenue. The company is headquartered in Lagrange, Indiana.",1265691918
Fabricators and Manufacturers Association,Elgin,Illinois,Education,1818,,"Founded in 1970, Fabricators & Manufacturers Association is a professional services company that offers training and education services for people in the fabrication and metal processing industries. They are based in Elgin, Illinois.",98682213
Fair Oaks Farms L.L.C.,Pleasant Prairie,Wisconsin,Manufacturing,299,Environmental Regulations,"Fair Oaks Foods is a company that operates in the Food & Beverages industry. It employs 6-10 people and has $1M-$5M of revenue. The company is headquartered in Pleasant Prairie, Wisconsin.",43339070
Fairfield Memorial Hospital Association,Fairfield,Illinois,Hospitals & Physicians Clinics,370,Fraud Protection,"Fairfield Memorial Hospital is dedicated to providing excellence in healthcare to the communities in Southeastern Illinois, focusing on community health education, wellness, and preventive medicine. The hospital offers a range of services including pain management and senior life solutions, aimed at enhancing the quality of life for its patients. As a leading employer in the region, it prides itself on its skilled staff who deliver quality care. The intended clients include local residents seeking comprehensive healthcare services and support.",22234938
Family Development Services Inc.,Indianapolis,Indiana,Consumer Services,380,,"Family Development Services (FDS) is a premier provider of Head Start programs that enhances the lives of vulnerable children and their families through early childhood education and comprehensive family-focused services. Serving over 2,500 children and infants annually from ten centers in Indianapolis and Noblesville, FDS provides a nurturing environment with curriculum-based education, healthy meals, and emotional support. They aim to equip parents with resources and advocacy to help children realize their potential. FDS fosters community partnerships to further support families and enhance educational opportunities.",1133110261
Family Services of Northeast Wisconsin Inc.,Green Bay,Wisconsin,Organizations,329,Generative AI; All Flash Array,"Family Services is a non-profit, human services agency that protects, heals and cares for the children and families of Northeast Wisconsin. The company offers over 30 programs that support the people of the company's communities during challenges and transitions in their lives. Since 1899, Family Services has assisted individuals and families of all ages and backgrounds. The company's diverse staff provide a full range of professional services in a number of program areas.",356544207
Farmers & Merchants Union Bank,Columbus,Wisconsin,Finance,71,,"Farmers & Merchants Union Bank is a company that operates in the Banking industry. It employs 50to99 people and has 25Mto50M of revenue. The company is headquartered in Columbus, Wisconsin.",43797582
Farmers Fridge,Chicago,Illinois,Hospitality,320,Application Performance; Autonomous Intelligence and Agentic AI,"Founded in 2013, Farmers Fridge is a supply chain company that provides smart fridges to companies, with healthy foods such as salads, sandwiches, granola and more. Farmers Fridge is based in Chicago, Illinois.",347713669
Fas-Pak Inc.,La Porte,Indiana,Manufacturing,149,Generative AI; Environmental Regulations,"Fas Pak Inc is a packaging and containers company based out of Michigan City, Indiana, United States. Fas-Pak, Inc. is committed to providing the highest quality packaging services with quick turnaround times at a competitive price. Our ultimate goal is to build mutually beneficial long-term relationships with our customers based on trust, dependability, and outstanding customer service.",43846950
Fiduciary Real Estate Development Inc.,Milwaukee,Wisconsin,Real Estate,303,End-to-End Encryption,"Fiduciary Real Estate Development, Inc. is a fully integrated real estate investment company that specializes in designing, building, and managing apartment communities. They focus on enhancing living experiences through quality construction and property management. The company aims to enrich communities and make a positive impact while fostering a sense of belonging among its clients. Their services cater to individuals and families seeking quality housing options in various locations.",14254296
Finance Center Federal Credit Union,Indianapolis,Indiana,Finance,125,Enterprise Resource Planning; Capacity Planning,"Financial Center First Credit Union, based in central Indiana, serves nearly 70,000 members by offering financial coaching and guidance for a healthier financial future. They provide a range of services, including loans, credit cards, and financial education, along with attractive promotions to help clients achieve their financial goals. The credit union is committed to fostering confidence in financial management through workshops and resources. They aim to enhance members' financial lives with competitive rates and personalized services.",44764938
Financial Graphic Service Inc.,Chicago,Illinois,Business Services,21,,"Financial Graphic Service Inc is a company that operates in the Multimedia & Graphic Design industry. It employs 20to49 people and has 1Mto5M of revenue. The company is headquartered in Chicago, Illinois.",1174763551
First Bank of Berne,Berne,Indiana,Finance,111,Enterprise Contact Center; Environmental Regulations; Compliance; Big Data Software,"First Bank of Berne offers a range of banking services including personal, business, and agribusiness banking solutions. Their products encompass checking and savings accounts, loans, and financial consulting tailored for individuals, small businesses, and farmers. The bank is FDIC-insured and emphasizes strong relationships with clients, particularly in the agricultural sector. They aim to support their community by providing straightforward banking options and specialized services for various client needs.",33835493
First Capital Inc.,Corydon,Indiana,Finance,216,Amazon Web Services (AWS),"First Capital, Inc., a federally-chartered savings bank, operates as the bank holding company for First Harrison Bank that provides various banking services to individuals and business customers. The company offers a range of deposit instruments, including non-interest bearing checking accounts, negotiable order of withdrawal accounts, money market accounts, regular savings accounts, certificates of deposit, and retirement savings plans. It also provides real estate mortgage loans, such as fixed-rate and adjustable rate mortgage residential loans, construction loans for residential and commercial properties, and commercial real estate loans, as well as commercial business loans. In addition, the company originates mortgage loans for sale in the secondary market and sells non-deposit investment products; and offers various secured or guaranteed consumer loans comprising automobile and truck loans, home equity loans, home improvement loans, boat loans, mobile home loans, and loans secured by savings deposits, as well as unsecured consumer loans. It provides its products and services through 17 locations in Indiana and Kentucky. First Capital, Inc. was founded in 1891 and is based in Corydon,...",14451402
First Community Bank Of Galena,Apple River,Illinois,Finance,63,Artificial Intelligence,"Apple River State Bank and First Community Bank of Galena is committed to the security of your financial and personal information. All of the company's operational and data processing systems are in a secure environment that protects your account information from being accessed by third parties. The company maintain and grant access to customer information only in accordance with the company's internal security standards. Apple River State Bank and First Community Bank of Galena has and maintains an Information Systems Security Policy. The company's policy will be updated in response to any changes in technology and any external or internal threats to information security. All new contractual relationships and existing or new service provides will include their security and confidentially provisions in all the company's future contracts with these providers. At Apple River State Bank and First Community Bank of Galena, employees' access to personally identifiable customer information is limited to those with a business reason to know such information. Employees are educated on the importance of maintaining the confidentially of customer information and on these privacy principles. The company's employees are trained on the proper disposal of nonpublic information. Any printed material containing customer information will be shredded after its use, computer disks, containing customer information, which are no longer in use will be destroyed. All information on hard drives from personal computers will be erased whenever there is a computer upgrade. Because of the importance of these issues, all Apple River State Bank and First Community Bank of Galena employees are responsible for maintaining the confidentiality of customer information and employees who violate these privacy policies will be subject to disciplinary measures.",7458416
First Harrison Bank,Corydon,Indiana,Finance,216,Amazon Web Services (AWS),"First Capital, Inc., a federally-chartered savings bank, operates as the bank holding company for First Harrison Bank that provides various banking services to individuals and business customers. The company offers a range of deposit instruments, including non-interest bearing checking accounts, negotiable order of withdrawal accounts, money market accounts, regular savings accounts, certificates of deposit, and retirement savings plans. It also provides real estate mortgage loans, such as fixed-rate and adjustable rate mortgage residential loans, construction loans for residential and commercial properties, and commercial real estate loans, as well as commercial business loans. In addition, the company originates mortgage loans for sale in the secondary market and sells non-deposit investment products; and offers various secured or guaranteed consumer loans comprising automobile and truck loans, home equity loans, home improvement loans, boat loans, mobile home loans, and loans secured by savings deposits, as well as unsecured consumer loans. It provides its products and services through 17 locations in Indiana and Kentucky. First Capital, Inc. was founded in 1891 and is based in Corydon,...",14451402
First Illinois Bancorp Inc.,Mendota,Illinois,Finance,287,Enterprise Resource Planning; Environmental Regulations; Capacity Planning,"Founded in 1940, First State Bank is headquartered in Mendota, Illinois. They offer banking services for residents and businesses.",47027335
First Industrial Realty Trust Inc.,Chicago,Illinois,Real Estate,151,Cloud Computing; Generative AI,"Established in 1994, First Industrial Realty Trust is headquartered Chicago, Illinois. They are a fully integrated owner, operator, and developer of industrial real estate.",25626109
First National Bank of Waterloo (inc),Waterloo,Illinois,Finance,165,Environmental Regulations; Energy Storage; Autonomous Intelligence and Agentic AI,"First National Bank of Waterloo offers a wide range of banking products and services, including personal and business checking and savings accounts, loans, and investment services. With 16 banking centers across southern Illinois, they prioritize customer service and community commitment. Their offerings are designed to meet the unique financial needs of individuals and businesses, providing competitive rates and personalized care. The bank has a strong focus on security and education, helping clients navigate financial challenges and protect against fraud.",54382219
First Savings Financial Group Inc.,Jeffersonville,Indiana,Finance,244,Cloud Computing; Amazon Web Services (AWS); Environmental Regulations; Autonomous Intelligence and Agentic AI,"First Savings Financial Group, Inc. operates as the holding company for First Savings Bank, which provides various banking services to individuals and business customers in southern Indiana. It accepts deposits, such as checking accounts, NOW and money market accounts, regular savings accounts, time deposits, and certificates of deposit.",14483895
First State Bank,,,,,,,
First State Bank of Illinois,Macomb,Illinois,Finance,78,,"First State Bank of Western Illinois is a company that operates in the Banking industry. It employs 50to99 people and has 50Mto100M of revenue. The company is headquartered in Macomb, Illinois.",40163242
First State Bank of Middlebury Indiana,Middlebury,Indiana,Finance,111,,"First State Bank is a wholly owned subsidiary of the Crystal Valley Financial Corporation and is a locally owned, independent community bank providing consumer, agricultural, business and commercial financial services since 1910. In recent years the corporation has expanded Asset Wealth Management Services through the Trust/Wealth Management Department. The bank is headquartered in Middlebury, Indiana. The company's mission statement is as follows: The mission of the First State Bank is to be a stable independent community bank that offers the highest quality products and services to its customers. First State Bank will focus on developing and retaining the highest quality people to deliver long-term sustainable earnings, a strong capital base and increasing shareholder value.",44307585
First State Bank of Monticello,,,,,,,
First State Financial Corp.,,,,,,,
FitzMark Logistics,,,,,,,
Flaherty & Collins Inc.,Indianapolis,Indiana,Real Estate,459,Generative AI; Fraud Protection; Environmental Regulations,"Since 1993, Flaherty & Collins Properties has managed 30 multi-family properties for receivership, totaling over 7,000 units in Indiana, Illinois, Iowa, Michigan and Ohio. We also managed five office buildings totaling, 180,000 square feet; four industrial buildings totaling 1.5 million square feet; and one 150-unit hotel. Receivership periods of these properties range from six months to three years. Our goals of receivership include: keeping all parties informed of activities occurring at the property; file all required reports with the court; protect and preserve the asset; and maximize the monthly net operating income. As the management company for your property, Flaherty & Collins Properties will provide all the services that our owned and fee managed properties receive from the accounting, compliance, IT and marketing departments.",14615222
Foresight Financial Group,Winnebago,Illinois,Holding Companies & Conglomerates,273,Generative AI; Energy Storage; Autonomous Intelligence and Agentic AI,"Foresight Financial Group, Inc. is the largest bank holding company in Winnebago County, Illinois, with total assets of $1.63 billion. It serves as the parent company of Foresight Bank, which was formed through the consolidation of six community banks, maintaining their local identities while providing unified services. The company is dedicated to enhancing shareholder value and financial security for its customers, while also focusing on the welfare of employees and local communities. Foresight Financial aims to expand sensibly into new markets that align with its community banking philosophy.",46467567
Fort Financial Federal Credit Union,Fort Wayne,Indiana,Finance,5,,"Fort Financial Federal Credit Union is a company that operates in the Banking industry. It employs 5to9 people and has 1Mto5M of revenue. The company is headquartered in Fort Wayne, Indiana.",1257771801
Fort Wayne Country Club,Fort Wayne,Indiana,Hospitality,74,,"Fort Wayne Country Club, established in 1908, offers a range of social, athletic, and family activities set against the backdrop of a beautiful golf course. The club features dining with creative seasonal menus, golf facilities for players of all ages, and the only private winter tennis and pickleball facility in Northeast Indiana. Membership provides access to relaxed dining, social events, and various sports activities including swimming. The club aims to create a welcoming environment for families and friends to enjoy leisure and recreation.",78251894
Fort Wayne Metals Research Products Corp.,,,,,,,
Fortress Bank,Peoria,Illinois,Finance,222,,"Fortress Bank offers comprehensive financial solutions for both personal and business needs across its nine banking centers in Illinois and Iowa. The bank provides services including personal checking accounts, consumer loans, and a range of business banking options such as commercial real estate financing and agricultural loans. Fortress Bank also features innovative programs like the Bank Tank Contest, allowing businesses to pitch ideas for funding, and a Business Club for entrepreneurial networking. With a commitment to supporting the community, Fortress Bank is dedicated to helping clients navigate their financial journeys and achieve their goals.",435485159
Forward Service Corp.,Madison,Wisconsin,Business Services,312,App Analytics Companies; Generative AI; Data Center Migration; Autonomous Intelligence and Agentic AI,"Forward Service Corporation is dedicated to helping individuals achieve their career goals by providing supportive services such as transportation, education, and cash assistance. They focus on overcoming obstacles to meaningful employment and aim to connect clients with stable, high-paying careers. Serving job seekers across Wisconsin, they offer personalized career planning and resources to ensure success. Their commitment extends to celebrating client achievements and providing ongoing support throughout the employment journey.",371316853
Four Imprint Inc.,,,,,,,
Fraley & Schilling Inc.,Rushville,Indiana,Transportation,378,Environmental Regulations; Advanced Threat Protection (ATP),"Since 1955, Fraley & Schilling has consistently focused on continuous improvement to not only provide a great service, but to give the best of the best drivers the opportunity to join a company on the ""cutting edge"". With that in mind, we exclusively recruit and employ a driver support staff who are not only trained professionals, but also have a genuine appreciation for the life and challenges that are put in front of drivers everyday.",547322914
Franciscan Ministries,Lemont,Illinois,Healthcare Services,1987,App Analytics Companies; Generative AI,"Franciscan Ministries is a nonprofit Catholic system offering senior living, healthcare and community-based services. Franciscan Ministries provides home-and-community based healthcare services to support families and their loved ones, in addition to third-party management services through Franciscan Advisory Services. Additionally, the Ministry supports young, at-risk women seeking a Catholic, secondary education, and operates a family violence prevention center and shelter.",48828529
Franciscan Sister of Chicago,Crown Point,Indiana,Organizations,13,,"Franciscan Sister of Chicago is a company that operates in the Religious Organizations industry. It employs 10to19 people and has 1Mto5M of revenue. The company is headquartered in Crown Point, Indiana.",1293711970
Fresh Warehousing,Centreville,Illinois,Software,22,,"Plesk offers a simple and secure web server management platform designed for web professionals. It provides comprehensive tools for managing web, DNS, mail, and other services through a user-friendly interface. The platform supports both traditional and cloud hosting, enabling intelligent management of servers, applications, and websites. Additionally, Plesk offers solutions like WP Guardian for monitoring and protecting WordPress sites.",15205264
G&D Transportation Inc.,,,,,,,
GEM Realty Capital Inc.,Chicago,Illinois,Finance,68,Generative AI,"GEM Realty Capital is a real estate investment firm based in Chicago, specializing in both private and public market opportunities. Founded in 1994, the firm invests across the U.S. real estate ecosystem through its platforms: GEM Realty Properties, GEM Realty Securities, and GEM Realty Tactical Opportunities. With a focus on fundamental real estate analysis, GEM Realty Capital aims to identify compelling investment opportunities while navigating economic uncertainties. The company fosters an inclusive culture that promotes innovation and collaboration among its team of professionals.",56346876
Gene B Glick Co,Indianapolis,Indiana,Real Estate,630,Generative AI; Environmental Regulations; Energy Storage,"Gene B. Glick Company, founded in 1947 and headquartered in Indianapolis, Indiana, is privately-held real estate ownership, development, and management firm. The company focuses on leadership in customer service, property management, and construction of affordable and market-rate apartment units.",41997610
Gene Glick Management Co Inc.,Indianapolis,Indiana,Real Estate,20,,"Gene Glick Management Corp is a company that operates in the Real Estate industry. It employs 20to49 people and has 5Mto10M of revenue. The company is headquartered in Indianapolis, Indiana.",93390466
General Sheet Metal Works Inc.,,,,,,,
Glenview Terrace Nursing Center,Glenview,Illinois,Healthcare Services,381,,"Glenview Terrace provides comprehensive rehabilitation services aimed at facilitating swift recovery and seamless transitions for patients returning to their daily lives. Their offerings include specialized programs for orthopedic, cardiac, pulmonary, and post-transplant care, as well as individualized stroke rehabilitation and memory care. The facility is designed for both short-term and longer stays, ensuring a comfortable environment with personalized one-on-one therapy from highly skilled therapists. Glenview Terrace is dedicated to delivering exceptional care and support, making it a recommended choice for individuals in need of rehabilitation services.",49153861
Globetrotters Engineering Corp.,Chicago,Illinois,Construction,161,Cloud Computing; Energy Storage; File Servers; Artificial Intelligence,"Globetrotters is a Chicago-based architectural engineering firm that has been serving both public and private sectors since 1974, specializing in design, management, and consulting. The firm offers a wide range of services including architecture, engineering, construction management, facility management, property management, and IT services. With a team of over 200 experienced professionals, Globetrotters is dedicated to delivering cost-effective and sustainable infrastructure projects that contribute to community development. Their expertise spans various sectors such as transportation, aviation, healthcare, education, and telecommunications.",60819200
Goellner Inc.,,,Manufacturing,409,,Goellner Inc is a company that operates in the Industrial Machinery & Equipment industry. It employs 250to499 people and has 25Mto50M of revenue. The company is headquartered in the United States.,116065747
Gonnella Baking Co,Schaumburg,Illinois,Manufacturing,542,Generative AI,"Founded in 1886, Gonnella Baking manufactures bakery products. The company offers breads, dough, rolls, buns, bagels, breadsticks, and biscuits. The company is headquartered in Schaumburg, Illinois.",68833182
Gonnella Frozen Products LLC,Schaumburg,Illinois,Retail,21,,"Gonnella Frozen Products LLC is a company that operates in the Grocery Retail industry. It employs 20to49 people and has 500Kto1M of revenue. The company is headquartered in Schaumburg, Illinois.",1315885898
Goodheart-Willcox Co Inc.,Tinley Park,Illinois,Media & Internet,63,,"Goodheart-Willcox is a U.S.-based educational publisher specializing in print and digital instructional materials for Career and Technical Education (CTE), health, and physical education. The company collaborates with educators, authors, and industry experts to develop standards-based content and digital learning solutions designed to prepare students for careers and life skills. Its offerings include textbooks, online courseware, and supplemental teaching tools tailored for schools and training institutions.",21742738
Goodheart-Willcox Publisher Inc.,Tinley Park,Illinois,Media & Internet,63,,"Goodheart-Willcox is a U.S.-based educational publisher specializing in print and digital instructional materials for Career and Technical Education (CTE), health, and physical education. The company collaborates with educators, authors, and industry experts to develop standards-based content and digital learning solutions designed to prepare students for careers and life skills. Its offerings include textbooks, online courseware, and supplemental teaching tools tailored for schools and training institutions.",21742738
Gordon Flesch Company Inc.,Madison,Wisconsin,Retail,650,App Analytics Companies; Generative AI; Environmental Regulations; Energy Storage; Advanced Analytics; Data Center Migration; Artificial Intelligence,"Founded in 1956, Gordon Flesch is a family-owned provider of office technology solutions such as Multifunction Devices & Copiers, Printers, Scanners, Production Print, Large-Format Printers, and Interactive Displays. The company is headquartered in Madison, Wisconsin.",16417320
Gorman & Company Inc.,Oregon,Wisconsin,Business Services,400,Cloud Computing; Cloud Storage; Generative AI; Cloud Data; Environmental Regulations; Autonomous Intelligence and Agentic AI; Digital Transformation; Dropbox,"Gorman & Company operates at the intersection of community development and strategic planning, working directly with municipal governments and grassroots organizations to advance comprehensive community initiatives. The firm brings specialized expertise in translating complex development objectives into actionable strategies that address the multifaceted needs of communities seeking sustainable growth and improved quality of life. The company's approach integrates economic development planning, social infrastructure assessment, and long-term community visioning. By collaborating closely with local stakeholders, Gorman & Company identifies opportunities for strategic investment and policy development that align with each community's unique priorities and constraints. This collaborative methodology ensures that recommendations reflect both technical best practices and the lived experiences of residents and local leaders. Gorman & Company provides comprehensive consulting services spanning feasibility analysis, strategic planning frameworks, economic impact assessment, and implementation roadmaps. The firm's work encompasses downtown revitalization initiatives, workforce development strategies, housing policy analysis, and community engagement processes. By combining data-driven analysis with stakeholder input, the company helps communities navigate complex development challenges while building consensus around shared goals.",48467152
Graef-USA Inc.,Milwaukee,Wisconsin,Construction,273,Environmental Regulations; Advanced Analytics; Advanced Threat Protection (ATP); Artificial Intelligence,"GRAEF Company is a full service engineering, planning, and design firm providing engineering and design solutions for clients. The company was founded in 1961 and is headquartered in Milwaukee, Wisconsin.",29083530
Grant Regional Health Center,Lancaster,Wisconsin,Hospitals & Physicians Clinics,316,Cloud Computing,"Grant Regional Health Center has been providing healthcare services to Lancaster and surrounding communities since 1955. The center offers a range of medical services, including specialty care, community clinics, and mental health resources. Their intended clients include local residents seeking comprehensive medical care and support. The organization is committed to community health and actively engages in events and initiatives to enhance healthcare access and quality.",51711331
Grassland Dairy Products Inc.,Greenwood,Wisconsin,Manufacturing,724,Cloud Computing,"Grassland, headquartered in Greenwood, Wisconsin, is a dairy products manufacturing company specializing in fluid milk, butter, and dry milk ingredients.",26511280
Greater Green Bay YMCA,,,Organizations,21,,Greater Green Bay Ymca Inc is a company that operates in the Membership Organizations industry. It employs 20to49 people and has 1Mto5M of revenue.,1341716577
Greenfield Bancshares Inc.,Greenfield,Tennessee,Finance,18,Data Center Migration,"Greenfield Banking Company offers a range of banking services including personal and business checking accounts, savings accounts, and various loan options such as vehicle, personal, mortgage, commercial, and agriculture loans. They provide innovative products like Kasasa Checking and Savings, which offer cash back and high interest on balances. The company aims to match individual lifestyles with suitable banking solutions while continuously seeking to improve customer service and reduce borrowing costs. Their intended clients include individuals and businesses looking for comprehensive banking solutions tailored to their needs.",16728616
Grohe America Inc.,Piscataway,New Jersey,Manufacturing,384,,"Need Help Finding a Product? GROHE is a leading global brand for complete bathroom solutions and kitchen fittings and a global brand, dedicated to providing innovative water products. For many decades, GROHE has been committed to the brand values of technology, quality, design and sustainability that all illustrate GROHEs commitment to creating exceptional experiences and to delivering Pure Freude an Wasser. With its engineering, innovation and design activities firmly anchored in Germany, GROHE products bear the badge of quality Made in Germany, ultimately strengthening the customers confidence in the brand. All plants of the GROHE manufacturing network make use of high-precision production engineering to ensure compliance with consistently high GROHE standards. This way GROHE ensures that its products live up to the most uncompromising demands in terms of workmanship and functionality. Over the past ten years alone, the success of GROHE has been confirmed by more than 240 design and innovation awards as well as a top three placement among Germanys most sustainable major companies of 2015. Numerous high-profile projects around the globe are fitted with GROHE products, testifying to architects, designers and developers preference for the brand. In 2014, GROHE became part of LIXIL, maker of pioneering water and housing products that solve everyday, real-life challenges, making better homes a reality for everyone, everywhere. We do this through meaningful design, an entrepreneurial spirit, and responsible business growth. The LIXIL approach comes to life through industry leading brands, including GROHE, American Standard, DXV, INAX and TOSTEM.",1129308140
GS GLOBAL RESOURCES,Mukwonago,Wisconsin,Manufacturing,100,Enterprise Resource Planning,"GS Global Resources specializes in creating custom hydraulics, electronic controls, and operator cabs for on and off highway OEMs. Their extensive product offerings include joysticks, motors, pumps, and various hydraulic solutions designed for diverse industries such as agriculture, construction, and military. The company focuses on delivering integrated applications solutions that enhance machine performance and operator control in challenging environments. With a commitment to innovation and customer collaboration, GS Global Resources supports clients from initial design through to final production.",30640249
Gsf Mortgage Corp.,Brookfield,Wisconsin,Finance,243,,"Discover competitive rates and discounts. GSF Mortgage is a full-service lender with a focus on Home Purchase, Refinance, Construction, and Renovation loans.",16859197
Gsf Usa Inc.,Indianapolis,Indiana,Business Services,1250,Generative AI; Environmental Regulations,"GSF is a France based company that specializes in providing hygiene, cleanliness, and associated products & services.",51448346
H. O. Wolding Inc.,,,Business Services,12,,H O Wolding Inc is a company that operates in the Information & Document Management industry. It employs 10to19 people and has 1Mto5M of revenue.,1308873059
Hall Render Killian Heath & Lyman PC,Indianapolis,Indiana,Law Firms & Legal Services,333,App Analytics Companies; End-to-End Encryption; Enterprise Resource Planning; Autonomous Intelligence and Agentic AI,"Founded in 1984, Hall Render operates as a law firm specializing in healthcare-focused cases. They provide services to large and small business entities from a wide variety of industries inclusive of nonprofit organizations, private individuals, and major healthcare providers. Headquartered in Indianapolis, IN with offices throughout the US.",53251534
Hamilton Center Inc.,Terre Haute,Indiana,Hospitals & Physicians Clinics,584,Generative AI; Environmental Regulations; Autonomous Intelligence and Agentic AI; Advanced Threat Protection (ATP); Big Data Software,"Hamilton Center, Inc. is a not-for-profit regional behavioral health system serving central and west central Indiana. The organization offers a wide range of behavioral health services for adults, children, adolescents, and families, focusing on accessible, compassionate, and person-centered care. Their services are individualized, trauma-informed, and evidence-based, with treatment plans developed based on assessed needs and strengths. Hamilton Center aims to empower individuals on their unique journeys towards wellness and recovery.",1114666845
Harding Poorman,Indianapolis,Indiana,Business Services,96,Autonomous Intelligence and Agentic AI,"HardingPoorman is a full-service print and brand communications company that offers a variety of services including commercial printing, custom packaging, signage, and on-demand print solutions. Their focus is on enhancing brand communication efforts through quality products and services tailored to meet client needs. The company caters to marketers and businesses seeking effective branding and marketing solutions, providing expertise in areas such as data technology, mobile engagement, and creative services. With a commitment to quality, timely delivery, and exceptional customer service, HardingPoorman aims to elevate their clients' brand visibility and marketing success.",350687419
Health Care For The Homeless of Milwaukee Inc.,,,,,,,
Healthcare Associates Credit Union,Naperville,Illinois,Finance,67,Fraud Protection,"HealthCare Associates Credit Union, located in Metro Chicago, Illinois, provides a range of financial products and services including personal checking and savings accounts, auto loans, mortgages, and credit cards. The credit union is dedicated to benefiting its member-owners and the community by offering competitive rates and flexible loan underwriting policies. HACU also emphasizes financial education and wellness, providing resources to help members achieve their financial goals. With convenient access through branches and digital banking options, HACU aims to support its members in banking healthily.",54415113
Heartland Alliance,Chicago,Illinois,Organizations,2564,App Analytics Companies; Enterprise Contact Center; Generative AI; Enterprise Resource Planning; Environmental Regulations; Energy Storage; All Flash Array; Autonomous Intelligence and Agentic AI; Advanced Threat Protection (ATP),"Heartland Alliance is a nonprofit, nonpartisan, nonsectarian organization. The company provides a variety of individual and family social, counseling, welfare, or referral services, including refugee, disaster, and temporary relief services. The company was founded in 1888 and is based in Chicago, Illinois.",24986426
Heartland Business Systems LLC,Little Chute,Wisconsin,Business Services,700,Enterprise Contact Center; End-to-End Encryption; Fraud Protection; Amazon Web Services (AWS); Environmental Regulations; Energy Storage; Advanced Analytics; Databases; Autonomous Intelligence and Agentic AI,"Heartland Business Systems is a full-service information technology solutions provider that operates within the broader digital transformation and IT services sector, delivering comprehensive technology, cybersecurity, and consulting services to organizations across multiple industries. Headquartered in the United States, the company has built a strong reputation as a trusted technology partner, helping clients align their IT infrastructure and digital strategies with broader business objectives. The organizations core mission is centered on enabling businesses and institutions to achieve measurable outcomes through the effective use of technology. By combining strategic consulting with hands-on implementation, Heartland Business Systems supports clients throughout their entire technology lifecycle. Its offerings encompass infrastructure modernization, cloud enablement, cybersecurity, application development, and managed IT services, allowing organizations to enhance operational efficiency, improve collaboration, and maintain secure digital environments.",48466181
Heartland Credit Union,,,,,,,
Heartland Family Dental Care of Illinois PC,Effingham,Illinois,Business Services,20000,App Analytics Companies; Clustering; Cloud Storage; Enterprise Contact Center; End-to-End Encryption; Cloud Computing; Digital Transformation; External Hard Drive; Cloud Data; Amazon Web Services (AWS); Environmental Regulations; Energy Storage; Autonomous Intelligence and Agentic AI; Application Performance; Encryption; Advanced Threat Protection (ATP); Business Analytics; Big Data Software; Generative AI; Fraud Protection,"At Heartland Dental, we help you get back to being what you're meant to be: a dentist. We provide comprehensive administrative support services to tackle marketing, accounting, and other aspects of your business, allowing you to focus on what really matters: caring for your patients.",48466118
Heidenhain,,,,,,,
Hektoen Institute,Chicago,Illinois,Software,107,,"Hector offers a Grants Management System designed to enhance enterprise efficiency by streamlining initiative platforms and reducing staffing needs. The system focuses on improving monitoring and reporting through economies of scale and cross-media technology. It aims to serve organizations looking to optimize their grant management processes and improve operational effectiveness. By facilitating cross-training and core suitability, Hector supports clients in achieving better resource allocation and reporting outcomes.",1152451816
Helio Precision Products Inc.,Bellingham,Massachusetts,Manufacturing,20,,"Helio Precision Products Inc is a company that operates in the Industrial Machinery & Equipment industry. It employs 20to49 people and has 1Mto5M of revenue. The company is headquartered in Bellingham, Massachusetts.",1252227873
Helm Group,Freeport,Illinois,Construction,770,Enterprise Contact Center; Cloud Computing; Generative AI; Environmental Regulations; Advanced Analytics; Databases; Autonomous Intelligence and Agentic AI; File Servers; Artificial Intelligence,"Founded in 1946 in Freeport, Illinois, the roots that have formed their values are literally in the heartlands rich soil. As they have grown and evolved into one of the most technically skilled construction companies in the Midwest, they have stayed true to those hard-working values. They are unabashedly proud of them, as they are the breadth and strength of their companys capabilities and the diversity of their teams skills. Since Helms early days in the mid-20th Century, our world has been in a rapid state of change, driven largely by technologys unrelenting advance. During that time, their progress has been fueled by their equally unrelenting commitment to operating beyond the leading edge of technology where we search for more accuracy, better collaboration, higher efficiency, the highest quality, the best safety record in the business and growth.",54775217
Hendricks Holding Company Inc.,Beloit,Wisconsin,Holding Companies & Conglomerates,738,,"Hendricks Holding Co., Inc. (HHC) is a private holding company that invests in and oversees a diverse portfolio of financially strong and sustainable companies. The company is dedicated to supporting businesses that embody the American dream, emphasizing hard work and community contribution. HHC provides resources to help its portfolio companies achieve their business goals and deliver top-tier services within their industries. Their intended clients include a variety of companies seeking investment and operational support.",345967992
Henneman Engineering Inc.,Champaign,Illinois,Construction,80,,"Henneman Engineering provides innovative engineering solutions tailored to the needs of various sectors, including commercial, healthcare, education, and government. Their services encompass Building Information Modeling (BIM), commissioning, energy modeling, and sustainable design, among others. The company is a majority women-owned business and is committed to delivering cost-effective and high-quality engineering services. Henneman Engineering aims to create flexible and efficient environments through collaborative design and integrated systems.",17580513
Henricksen,Itasca,Illinois,Retail,260,Enterprise Contact Center; Environmental Regulations; Big Data Software,"Founded in 1962 and headquartered in Itasca, Illinois, Henricksen & Company Inc is a company that handles contract furniture needs from product design specifications and standards program development to installation and national account services.",28133079
Henricksen & Company Inc.,Itasca,Illinois,Retail,260,Enterprise Contact Center; Environmental Regulations; Big Data Software,"Founded in 1962 and headquartered in Itasca, Illinois, Henricksen & Company Inc is a company that handles contract furniture needs from product design specifications and standards program development to installation and national account services.",28133079
Heska,Loveland,Colorado,Manufacturing,808,,"Heska, founded in 1988 and headquartered in Loveland, Colorado, discovers, develops, manufactures, and markets companion animal health products, primarily for dogs, cats, and horses. The Company also offers diagnostic and patient monitoring equipment, as well as diagnostic laboratory products in the United States and Europe.",17662113
Hickory Point Bank,Decatur,Illinois,Finance,126,,"Hickory Point Bank & Trust offers a comprehensive range of personal and business banking solutions, including checking and savings accounts, loans, and investment services. They cater to individuals and businesses in central Illinois, providing tailored financial products and dedicated support. The bank emphasizes community investment and relationship building, ensuring clients receive personalized service. With a focus on digital banking and innovative financial tools, Hickory Point Bank aims to enhance the banking experience for its customers.",36654109
Hilco Inc.,,,,,,,
Hilco Receivables LLC,Northbrook,Illinois,Business Services,594,Digital Transformation; Disaster Recovery; Application Performance; Business Intelligence; Environmental Regulations; Cloud Computing; Database Solutions; Energy Storage; Data Center Migration; Autonomous Intelligence and Agentic AI; Enterprise Infrastructure; Big Data Software,"Equable Ascent Financial, LLC (EAF) is a financial services company specializing in accounts receivable ownership and credit reporting information services. The company acquires accounts receivable and provides detailed information about these accounts to credit reporting agencies, serving as a critical intermediary in the consumer credit ecosystem. EAF collects and maintains comprehensive customer data from multiple sources, including direct customer submissions, transaction records with the company and its affiliates, and credit history information obtained from consumer reporting agencies. The company's data portfolio encompasses personal identifiers such as names, addresses, and social security numbers; transactional details including account balances, payment histories, and account usage patterns; and credit history records sourced from established consumer reporting agencies. EAF operates under strict regulatory compliance standards, disclosing nonpublic personal information only as permitted or required by law, with no voluntary disclosure to third parties outside legal requirements. The company has implemented robust information security protocols to protect customer data, including restricted access controls that limit information availability to personnel with legitimate business need, combined with physical, electronic, managerial, and procedural safeguards designed to maintain privacy and prevent unauthorized access. EAF utilizes analytical software to generate aggregated summary statistics for operational purposes such as website traffic analysis, with personal information systematically excluded from all summary reporting. The company emphasizes customer responsibility in data protection, actively advising clients to exercise caution when transmitting sensitive information and recommending against the use of unsecured web contact forms for highly confidential data such as social security numbers. Through its combination of accounts receivable acquisition, credit reporting services, and data ...",66767114
Hillsboro Area Hospital,Hillsboro,Illinois,Hospitals & Physicians Clinics,266,Generative AI; Amazon Web Services (AWS),"Hillsboro Health offers a comprehensive range of medical services including 24-7 emergency care, cardiology, chronic care management, and various specialty clinics. The organization aims to serve patients in need of primary care, outpatient services, and rehabilitation through its multiple facilities, including a primary care clinic and a fitness and aquatics center. Additionally, Hillsboro Health provides patient tools such as a patient portal for managing health information and financial assistance options. The company is committed to community health and wellness, actively engaging in events and initiatives to support local healthcare needs.",5000030335
Hinsdale Golf Club,Clarendon Hills,Illinois,Hospitality,70,Environmental Regulations; Autonomous Intelligence and Agentic AI; Encryption,"Hinsdale Golf Club, established in 1898, is a prestigious golf club that emphasizes its rich history and tradition. The club offers a variety of amenities and services, focusing on creating a vibrant community for its members. Membership is by invitation, encouraging members to bring in family, friends, and associates who would enhance the club's community. The club prides itself on its members, who are considered its most valuable asset.",74992809
HN Precision,Lake Bluff,Illinois,Manufacturing,319,,"HN Precision is a leading CNC machining manufacturer with over 75 years of experience, specializing in industrial component manufacturing for CNC parts. The company offers a wide range of precision machined solutions across various markets, including Off-Highway Vehicles, Armaments, Industrial Products, and General Transportation. HN Precision provides a comprehensive suite of services, including Materials Management, Tool & Fixture design, and Program Management, catering to OEMs and Tier 1 clients. With a flexible manufacturing approach, HN Precision is equipped to handle projects of varying volumes, ensuring high-quality and timely delivery.",347180708
Holy Cross College Inc.,,,,,,,
Home Bank SB,Martinsville,Indiana,Finance,83,Digital Transformation; Databases,"Home Bank was chartered in 1890 as a mutual institution which essentially means that it is owned by its depositors. Without private ownership or stockholders,",352389182
Hometown America,Chicago,Illinois,Real Estate,392,Backup & Recovery Software; Fraud Protection; Docker,"Founded in 1997, Hometown America is a privately held company that owns and operates manufactured housing communities across the country. Today, we operate more than 66 communities in twelve states. Hometown America is proud to promote SafeHaven National Insurance Agency.",68192661
Hopedale Medical Foundation,Hopedale,Illinois,Hospitals & Physicians Clinics,255,App Analytics Companies; Energy Storage; Autonomous Intelligence and Agentic AI; Artificial Intelligence,"Hopedale Medical Complex provides exceptional outpatient services, emergency treatments, and specialty care to residents in the Pekin and Bloomington areas of Illinois. The complex includes a variety of services such as orthopedic care, rehabilitation, wellness programs, and a pharmacy. With a commitment to patient-centered care, it aims to improve community health through outreach and scholarship programs. HMC has earned accolades for its quality of care, recently being named one of the top critical access hospitals in the country.",18120788
Hot-Line Freight System Inc.,West Salem,Wisconsin,Transportation,125,Environmental Regulations,"Hot-Line Freight System, founded in 1988, is a transportation company specializing in Less-Than-Truckload (LTL) freight services across the contiguous United States. The company offers volume LTL direct shipments with no break bulks, resulting in faster service and reduced damage risk. Hot-Line Freight System has established itself as a premier Midwest freight carrier serving South Dakota, Iowa, Illinois, Indiana, Ohio, Minnesota, and Wisconsin, while also providing nationwide shipping solutions. Their service portfolio includes standard LTL shipping, brokerage services for competitive pricing, and Hot Shot Expedited LTL Freight for time-critical shipments available 24/7. The company maintains multiple warehouses and operational facilities to support its interstate trucking services.",48482852
HP TUNERS LLC,Buffalo Grove,Illinois,Software,71,,"HP Tuners is a leading provider of automotive diagnostic and calibration solutions, specializing in factory ECU and standalone engine management products. With over 20 years of expertise, they offer a comprehensive suite of tools for vehicle diagnostics, data logging, scanning, and calibration, catering to both tuning professionals and enthusiasts. Their product lineup includes the MPVI4 diagnostic tool, VCM software suite, and CORE ECU for advanced engine management, as well as support for a wide range of vehicles including GM, Ford, and electric vehicles. HP Tuners aims to empower users to enhance vehicle performance and achieve their tuning goals.",352720027
Hu Friedy Manufacturing Co Inc.,Chicago,Illinois,Manufacturing,602,,"Founded in 1908 and headquartered in Chicago, Illinois, Hu-Friedy Manufacturing manufactures dental instruments.",57428059
Human Service Agency,Watertown,South Dakota,Healthcare Services,247,Environmental Regulations; Docker,"The Human Service Agency is a Community Support Provider and Community Behavioral Health Center dedicated to delivering high-quality human services that empower individuals to reach their full potential. They offer a range of services including mental health support, addiction treatment, and employment services, serving over 2,700 individuals annually in Watertown, Sisseton, and Milbank. The agency prioritizes support for vulnerable populations, including pregnant women who use intravenous drugs, and collaborates with local businesses to facilitate job opportunities for individuals with disabilities. Additionally, the Human Service Agency Foundation raises funds to support special projects that enhance the lives of those they serve.",38127960
I-Car,,,,,,,
Ice-O-Matic,Denver,Colorado,Manufacturing,111,Autonomous Intelligence and Agentic AI; Artificial Intelligence,"Ice-O-Matic is a premier manufacturer and distributor of commercial ice machines, offering a range of products including cubers, flakers, and Pearl Ice machines. Their focus on quality ensures that each machine is user-friendly, reliable, and backed by a comprehensive support network and industry-leading warranty. The company serves various sectors such as restaurants, healthcare, convenience stores, and hotels, providing tailored ice solutions to meet diverse needs. With a commitment to sustainability and efficiency, Ice-O-Matic aims to simplify the ice-making process for its clients worldwide.",70075415
Iit Research Institute,Chicago,Illinois,Business Services,161,Fraud Protection; Environmental Regulations,"IITRI is a preclinical contract research organization (CRO) specializing in GLP toxicology and safety studies, IND-enabling programs, and infectious disease vaccine development. With over 40 years of experience, they provide comprehensive preclinical development and clinical trial support services tailored to the biotech, pharmaceutical, and government sectors. Their expertise includes inhalation toxicology, immunology, and bioanalytical services, ensuring compliance with FDA guidelines. IITRI aims to establish true partnerships with sponsors, offering personalized attention and a collaborative approach to advance drug candidates through the development process.",111953136
Illinois Brick,Palos Hills,Illinois,Retail,299,,"Brickworks Supply is a leading supplier of masonry and hardscape products, offering a wide range of items including brick, stone, pavers, and outdoor living products. Their services cater to both commercial and residential clients, including contractors, architects, and homeowners, ensuring that all project needs are met efficiently. The company provides a one-stop-shop experience for masonry and hardscape supplies, along with tools and resources for project inspiration. With multiple locations across the nation, Brickworks Supply is dedicated to delivering high-quality products and exceptional customer service.",28148524
ILLINOIS EYE CENTER,Peoria,Illinois,Hospitals & Physicians Clinics,343,,"Illinois Eye Center's eye care services include routine eye exams, LASIK eye surgery, Cataract procedures & more. Peoria & Washington, IL offices.",18809438
Illinois Hospital Association,,,Hospitals & Physicians Clinics,37,,Illinois Hospital Association is a company that operates in the Medical & Surgical Hospitals industry. It employs 20to49 people and has 5Mto10M of revenue.,348452996
Illinois Soybean Association,Bloomington,Illinois,Organizations,39,Cloud Computing; Disaster Recovery; Archiving; Generative AI; Enterprise Resource Planning,"The Illinois Soybean Association (ISA) represents over 43,000 soybean farmers in Illinois, advocating for their interests through promotion, research, and education. ISA's checkoff program funds initiatives in market development, soybean production, and government relations, while the Illinois Soybean Growers (ISG) membership program provides a platform for farmers to voice their concerns. The organization also offers resources such as Field Advisor, which provides education and tools to maximize farming operations. ISA aims to be a trusted partner for soybean farmers, ensuring their profitability for future generations.",18825467
Ilpea Parent Inc.,,,,,,,
Indiana Hemophilia and Thrombosis Center,,,Organizations,13,,"The Rare Coagulation Disorders Resource Room is a dynamic, open-access platform developed through collaboration between the international RBDD Registry and the Indiana Hemophilia & Thrombosis Center. It provides current and searchable information on rare coagulation disorders, including clinical management, laboratory testing, and global research initiatives. The resource aims to promote international collaboration to enhance knowledge and improve care for individuals affected by these disorders. Its intended clients include healthcare providers and individuals impacted by rare coagulation disorders.",539381327
Indiana Symphony Society Inc.,Indianapolis,Indiana,Hospitality,232,Generative AI,"The Indianapolis Symphony Orchestra (ISO) is a prominent cultural institution located at the Hilbert Circle Theatre in downtown Indianapolis. It offers a diverse range of musical performances, including classical and pops series, as well as educational programs for children and students. The ISO aims to engage a wide audience, from families and students to adults and donors, providing opportunities for community involvement and support. Additionally, the theatre serves as a venue for private events and offers amenities such as pre-concert talks and a lounge for guests.",136315771
Indianapolis Museum of Art Inc.,Indianapolis,Indiana,Hospitality,304,Environmental Regulations,"Encompassing 152 acres of gardens and grounds, the Indianapolis Museum of Art is among the 10 oldest and largest encyclopedic art museums in the United States, and it features significant collections of African, American, Asian, European and contemporary art, as well as a newly established collection of design arts. The IMA offers visitors an expansive view of arts and culture through its collection of more than 54,000 works of art that span 5,000 years of history from across the world's continents. The collections include paintings, sculpture, furniture and design objects, prints, drawings and photographs, as well as textiles and costumes. Additionally, art, design, and nature are featured at 100 Acres: The Virginia B. Fairbanks Art & Nature Park and Oldfields-Lilly House & Gardens, an historic Country Place Era estate on the IMA grounds.",19071243
INdigital,,,,,,,
Industrial Towel and Uniform Inc.,New Berlin,Wisconsin,Consumer Services,336,Autonomous Intelligence and Agentic AI,"ITU AbsorbTech is a family-owned industrial laundry service that specializes in providing reusable absorbents, including SorbIts®, mats, socks, and shop towels. The company offers environmentally-preferred service programs aimed at waste reduction, safety, compliance, and cost savings for various industries. Their services support corporate sustainability initiatives and have helped customers eliminate over 50 million pounds of waste. ITU AbsorbTech is recognized for its excellence in safety and sustainability, frequently earning awards for its organizational development.",359702399
Ingersoll Machine Tools,Rockford,Illinois,Manufacturing,1900,,"Founded in 1964, Camozzi Automation is a global leader in the design and production of motion and fluid control components, systems and technologies for Industrial automation, Transportation and Life science industries.",45896331
Inland Die Casting,Franklin Park,Illinois,Manufacturing,546,,"Founded in 1990 and headquartered in Franklin Park, Illinois, RCM Industries Inc. manufactures die casting products. The company offers CNC machining, assembly and support operations.",122196
Inlanta Mortgage Inc.,Pewaukee,Wisconsin,Finance,154,Generative AI,"Inlanta Mortgage, Inc. is a multi-state mortgage banking company providing FHA, VA, USDA, and conventional mortgage loan services. The company was founded in 1993 and is headquartered in Pewaukee, Wisconsin.",345558099
Inova Federal Credit Union,Elkhart,Indiana,Finance,103,External Hard Drive; Generative AI,"INOVA Federal Credit Union offers a wide range of financial products and services including personal and business checking accounts, various loan options, credit cards, and digital banking services. Their intended clients are individuals and families seeking personal banking solutions, as well as businesses in need of financial management and loan services. INOVA emphasizes digital banking accessibility, financial education, and member rewards programs. They also provide insurance services to help clients manage their financial risks.",137839867
Inter-Industry Conference On Auto Collision Repair,Philadelphia,Pennsylvania,Consumer Services,13,,"Inter-industry Conference on Auto Collision Repair is a company that operates in the Automotive Service & Collision Repair industry. It employs 10to19 people and has 500Kto1M of revenue. The company is headquartered in Philadelphia, Pennsylvania.",1151156904
International Foundation of Employee Benefit Plans Inc.,Brookfield,Wisconsin,Organizations,240,Generative AI; Environmental Regulations; Energy Storage,"The International Foundation of Employee Benefit Plans is a nonprofit organization, dedicated to providing the diverse employee benefits community with objective, solution-oriented education, research and information. The International Foundation delivers research findings, education and networking opportunities to thousands of benefits professionals who rely on us for objective, accurate and timely information.",141050879
International Medical Group Inc.,Indianapolis,Indiana,Insurance,483,Environmental Regulations,"Since 1990, International Medical Group, headquartered in Indianapolis, Indiana, U.S.A., has provided global insurance benefits and assistance services to millions of members in almost every country. We are committed to being there for our members to provide them with Global Peace of Mind®. Our full-service approach includes 24/7 worldwide assistance, medical management services, and highly trained, multilingual customer service professionals. IMG delivers the insurance products and assistance services members need, backed by the services they want. IMG's global family of companies includes AkesoCare Management®, Global Response Ltd., and ALC Health.",147211007
Interstate Cold Storage Inc.,Fort Wayne,Indiana,Transportation,70,Generative AI,"Interstate Cold Storage is a family-owned and operated cold storage warehousing company that has been serving the Midwest since 1973. They provide a comprehensive suite of temperature-controlled services tailored for food manufacturers, distributors, and retail supply chain teams, ensuring efficient operations and superior customer service. With five strategically located facilities in Ohio and Indiana, they offer multi-temperature cold storage, quick-freezing services, and USDA inspection services, among other value-added solutions. Their commitment to quality and technology positions them as a leader in the cold storage industry, catering to clients in the food and pharmaceutical sectors.",54627087
Intl Union of Operating Engineers - Local 150,Countryside,Illinois,Organizations,134,Environmental Regulations; Big Data Software,"The International Union of Operating Engineers Local 150 represents approximately 23,000 men and women in construction and related industries across Northern Illinois, Northern Indiana, and parts of Southeastern Iowa. The union provides various services including training programs, benefits, and support for its members. It is dedicated to advocating for workers' rights and improving working conditions in the construction sector. IUOE Local 150 also engages in community events and legal actions to protect its members' interests.",1119806856
INTREN Inc.,Union,Illinois,Construction,1001,Fraud Protection; Environmental Regulations; All Flash Array; Autonomous Intelligence and Agentic AI,"INTREN, headquartered in Union, Illinois, and established in 1988, is a utility contractor specializing in the development and execution of design, construction, and management solutions for the electric and gas industries.",350944263
IPC International Inc.,,,,,,,
Ipsco Koppel Tubulars Corp.,Houston,Texas,Manufacturing,7,,"Ipsco Koppel Tubulars LLC is a company that operates in the Industrial Machinery & Equipment industry. It employs 5to9 people and has 500Kto1M of revenue. The company is headquartered in Houston, Texas.",1265499606
Ipsen Inc.,Boulogne-Billancourt,Ile-de-France,Manufacturing,5358,Generative AI; Fraud Protection; Business Intelligence; Environmental Regulations; Enterprise Resource Planning; Data Center Migration; Autonomous Intelligence and Agentic AI; Big Data Software,"Founded in 1929 and headquartered in Boulogne, France, Ipsen Pharma is a global biopharmaceutical group focused on specialty care. The Group develops and commercializes medicines in therapeutic areas including oncology, neuroscience, and rare diseases.",26722853
Iris Usa Inc.,Surprise,Arizona,Manufacturing,750,Digital Transformation; Autonomous Intelligence and Agentic AI; Big Data Software,"IRIS USA founded in 1994 and headquartered in Surprise, Arizona, is a manufacturer of storage products and home essentials. The company mainly markets a line of clear plastic storage products.",53659789
Iroquois Memorial Hospital & Resident Home,Watseka,Illinois,Hospitals & Physicians Clinics,250,Generative AI,"Serving more than 50,000 people annually in east-central Illinois and west-central Indiana, Iroquois Memorial Hospital (IMH) is a 25-bed hospital located in Watseka, Illinois. The hospital facility is comprised of clinical and diagnostic services dedicated to providing high quality health care services to the community. These services include, but are not limited to, an Emergency Room, Prompt Care, full service OR suites, an inpatient care unit, therapy services, advanced medical imaging, Home Health, and Hospice Care. The hospital operates rural health clinics in Watseka, IL; Gilman, IL; Milford, IL and Kentland, IN. The hospital also operates a skilled nursing facility, Iroquois Resident Home, which is attached to the hospital property.",59492350
Jacob & Hefner Associates Inc.,Downers Grove,Illinois,Construction,113,Autonomous Intelligence and Agentic AI; Advanced Threat Protection (ATP),"Jacob & Hefner Associates specializes in civil engineering, land surveying, and environmental services, focusing on long-term quality and integrity in their work. Their engineering team is licensed across multiple states, offering expertise in land development, infrastructure, and water resource projects. The surveying division, led by an experienced licensed surveyor, provides a range of services from boundary surveys to construction layout. Additionally, their environmental services include remediation and site management for various assessment and construction projects.",344106504
Jacobus Energy,Milwaukee,Wisconsin,"Energy, Utilities & Waste",368,Generative AI; Environmental Regulations; Energy Storage; Autonomous Intelligence and Agentic AI; Advanced Threat Protection (ATP),"Founded in 1919 and Headquartered in Milwaukee, Wisconsin. Jacobus Energy, Inc. is a petroleum marketer. The Company offers fueling services which includes mobile refueling, automated fueling stations, and fuel management solutions.",37193988
Jagemann Stamping,Manitowoc,Wisconsin,Manufacturing,124,Big Data Software,"Founded in 1946, Jagemann Stamping Company is a full-service stamping company. They are located in Manitowoc, Wisconsin.",62376979
Janesville Acoustics,Southfield,Michigan,Manufacturing,372,Application Performance,"Janesville Acoustics is a leading producer of automotive felt-based molded and die-cut products, operating as a Tier I and Tier II supplier to the automotive and transportation industry. The company leads the industry in fiber expertise and manufacturing capabilities. The company's quality, performance, and functionality benchmarks serve as the performance reference for fiber-based thermal and acoustical applications worldwide. Founded to manufacture cotton rolls and batting for the furniture industry, Janesville Acoustics shifted to the transportation market with the rise of mass-produced automobiles. Today Janesville Acoustics is one of the worlds largest producers of acoustical and thermal fiber insulation to a variety of automotive applications. Customers count on Janesville Acoustics for products that are cost effective, recyclable, weight conscious, and engineered to the highest quality standards. They trust the company to provide innovative solutions that advance their business.",45401791
Janesville LLC,,,,,,,
Jason Industries Inc.,Milwaukee,Wisconsin,Manufacturing,4400,,"Jason Industries, headquartered in Milwaukee, Wisconsin, is a manufacturing company that specializes in finishing and seating products for the industrial, energy, heavy fabrication, off-highway equipment, and transportation industries.",27329664
Jbs United Inc.,Sheridan,Indiana,Healthcare Services,59,,"JBS United was founded in 1956. This company provides research-based solutions for agriculture and animals. Their headquarters are located in Sheridan, Indiana.",99337085
Jel-Sert,West Chicago,Illinois,Manufacturing,1000,Digital Transformation; Generative AI; Environmental Regulations,"Jel Sert was founded in 1926. This company provides the manufacturing and retailing of pop-sickles and other flavored treats and drinks. Their headquarters are located in West Chicago, Illinois.",20660493
Jewish Child and Family Services,Chicago,Illinois,Organizations,412,Environmental Regulations; Data Center Migration; Autonomous Intelligence and Agentic AI,"JCFS Chicago provides a wide range of services aimed at helping, healing, and strengthening children, adults, and families, infused with Jewish values. Their offerings include support for mental health, disability services, family support, and therapeutic education, catering to individuals of all backgrounds and abilities. The organization collaborates with schools, healthcare providers, and community members to reach a diverse clientele. Since its inception in 1859, JCFS has impacted over 22,000 individuals, demonstrating a strong commitment to community support and engagement.",99371188
Jewish Community Center of Chicago,Flossmoor,Illinois,Organizations,7,Environmental Regulations,"Anita M Stone Community Center is a company that operates in the Non-Profit & Charitable Organizations  industry. It employs 5to9 people and has 1Mto5M of revenue. The company is headquartered in Flossmoor, Illinois.",1130285721
Jewish United Fund of Metropolitan Chicago,Chicago,Illinois,Organizations,375,Generative AI; Environmental Regulations; Database Solutions; Energy Storage; Autonomous Intelligence and Agentic AI; Compliance; Docker,Jewish United Fund/Jewish Federation of Metropolitan Chicago operates as a non-profit organization. The Organization provides human services to jews community. Jewish United Fund/Jewish Federation of Metropolitan Chicago serves customers in United States.,131434293
Jim's Formal Wear Co,Trenton,Illinois,Retail,500,GitHub; Environmental Regulations; Artificial Intelligence,"Jim's Formal Wear was established in 1964, headquartered in Trenton, Illinois, offering formal attire for special occasions.",64783930
John D. and Catherine T. Macarthur Foundation,Chicago,Illinois,Organizations,313,Enterprise Contact Center; Fraud Protection; Business Intelligence; Environmental Regulations; Artificial Intelligence; Digital Transformation,"The MacArthur Foundation is a philanthropic organization based in Chicago, with additional locations in India and Nigeria, dedicated to addressing critical global challenges. It invests in innovative solutions across various sectors including climate change, criminal justice, and journalism, while also providing grants to support effective organizations and networks. The foundation aims to foster creativity, enhance community resilience, and strengthen public engagement through its diverse programs and initiatives. Its primary clients include grantees, investees, and partners committed to creating a more just, verdant, and peaceful world.",19663015
Joink LLC,Terre Haute,Indiana,Telecommunications,26,Cloud Computing; Cloud Storage; Digital Transformation; Cloud Data; Environmental Regulations; Generative AI; Autonomous Intelligence and Agentic AI,"Joink is a Terre Haute, Indiana-based provider of high-speed fiber optic internet services, catering to both residential and business clients. With a commitment to delivering reliable and fast internet, they offer various plans including Fiber and Fixed Wireless options, ensuring customers can stream, work, and game without interruptions. Joink has been serving the Wabash Valley for over 20 years, investing in local communities and providing a dependable 100% underground fiber network. Their services include managed technology services and hosting, aimed at enhancing connectivity for all users.",57820617
K Y B Manufacturing North America,,,,,,,
Keystone Powdered Metal Company,Saint Marys,Pennsylvania,Manufacturing,378,Backup & Recovery Software; Environmental Regulations; Energy Storage; Autonomous Intelligence and Agentic AI; Compliance,"Founded in 1927, Keystone Powdered Metal Company, headquartered in St. Marys, Pennsylvania, designs and manufactures powdered metal (PM) products, primarily for the automotive industry. Products include bearings, gears and gear components, magnetic actuators, pinions, hot forged parts, diodes, and sprockets. Their clients include home appliance, outdoor power equipment and power tool manufacturers.",67061104
Kings Daughters Hospital Health Services,,,,,,,
Kirby Risk Corp.,Lafayette,Indiana,Retail,850,Generative AI; Enterprise Resource Planning; Environmental Regulations; Energy Storage; Autonomous Intelligence and Agentic AI,"Kirby Risk was founded in 1926. Kirby Risk is a family-owned industrial solutions company based in Lafayette, Indiana, providing electrical distribution, electrical apparatus sales and repair, wiring harness and cable manufacturing, and industrial component manufacturing. The company focuses on helping industrial and commercial customers reduce costs, conserve resources, improve productivity, and shorten manufacturing lead times through a combination of product supply and value-added services. Their headquarters are located in Lafayette, Lousiana.",63720306
Kolbe & Kolbe Millwork Co Inc.,Wausau,Wisconsin,Manufacturing,1000,Generative AI; GitHub; Enterprise Infrastructure,"Kolbe Windows & Doors, located in Wausau, Wisconsin, is a company that specializes in the manufacturing of doors and windows.",21693189
Koorsen Fire & Security Inc.,Indianapolis,Indiana,Construction,872,Digital Transformation; Environmental Regulations; Big Data Software; Generative AI,"Founded in 1946, Koorsen Fire & Security offers fire protection products and services to commercial and residential customers in Indiana, Ohio, Kentucky, Tennessee, and Alabama. Services include inspection of existing equipment, alarm and extinguisher installation to meet code, repair of systems, installation of alarm and sprinkler systems, emergency lighting and kitchen systems. Headquarters is located in Indianapolis, Indiana.",34784863
Kreilkamp Group Inc.,Allenton,Wisconsin,Transportation,115,Enterprise Contact Center,"Kreilkamp Trucking, Inc. is a SmartWay Transport Partner specializing in the transportation of meats, cheese, spirits, and agricultural/manufacturing supplies. The company offers regional, OTR, and local trucking services primarily between the Midwest and the East Coast. They are actively recruiting Class A CDL drivers to join their team and emphasize dependability in their freight solutions. Established in 1935, Kreilkamp Trucking is committed to supply chain sustainability and delivering freight on time.",32572976
Kreilkamp Trucking,Allenton,Wisconsin,Transportation,115,Enterprise Contact Center,"Kreilkamp Trucking, Inc. is a SmartWay Transport Partner specializing in the transportation of meats, cheese, spirits, and agricultural/manufacturing supplies. The company offers regional, OTR, and local trucking services primarily between the Midwest and the East Coast. They are actively recruiting Class A CDL drivers to join their team and emphasize dependability in their freight solutions. Established in 1935, Kreilkamp Trucking is committed to supply chain sustainability and delivering freight on time.",32572976
Krueck Sexton Partners,Chicago,Illinois,Construction,30,,"KSArch is currently developing its online presence, with a website that indicates future offerings. As of now, specific products or services are not available. The company emphasizes trademark-free content and adheres to privacy and legal policies. Intended clients are currently undefined due to the site being under construction.",1120259506
Kuhn Krause Inc.,,,,,,,
Kuhn North America Inc.,Hutchinson,Kansas,Manufacturing,500,App Analytics Companies; End-to-End Encryption; Digital Transformation; Business Intelligence; Environmental Regulations,"Krause Corp, now Kuhn Krause, distributes farm equipment for customers in the United States and Canada. Krause is located in Hutchinson, Kansas.",66718164
Kuriyama of America Inc.,Schaumburg,Illinois,Manufacturing,383,Generative AI; Autonomous Intelligence and Agentic AI,"Kuriyama of America was founded in 1968. This company provides the manufacturing and retailing of thermoplastic hoses and accessories. Their headquarters are located in Schaumburg, Illinois.",21840323
La Casa De Esperanza Inc.,Waukesha,Wisconsin,Organizations,162,Generative AI; Compliance,"La Casa De Esperanza is a full-service organization that provides a variety of programs and services aimed at fostering social and economic participation, particularly for the Hispanic community. Their offerings include early childhood education, a charter school for K4 through 8th grade, financial stability resources, and low-income housing for seniors and disabled individuals. Serving over 20,000 people from diverse backgrounds, La Casa emphasizes community support and empowerment. Established in 1966, the organization continues to adapt to the needs of the community, promoting hope and opportunities for all.",51234494
Ladd Memorial Hospital Inc.,Scandia,Minnesota,Hospitals & Physicians Clinics,208,,"Ladd Memorial Hospital is a company that operates in the Medical & Surgical Hospitals industry. It employs 100to249 people and has 10Mto25M of revenue. The company is headquartered in Scandia, Minnesota.",1308224101
LAIRD PLASTICS,Irving,Texas,Retail,700,Fraud Protection; Autonomous Intelligence and Agentic AI; Advanced Threat Protection (ATP),"Founded in 1944, Laird Plastics is headquartered in Irving, Texas. Laird Plastics offers a network of service centers and inventories with a product range including acrylics and polycarbonates, graphics materials (substrates and a variety of higher end materials) and mechanical/engineering materials.",68897326
Lawrence Ragan Communications Inc.,Chicago,Illinois,Business Services,14,,"Lawrence Ragan Communications Inc is a company that operates in the Advertising & Marketing industry. It employs 10to19 people and has 1Mto5M of revenue. The company is headquartered in Chicago, Illinois.",1201170783
Leed Selling Tools Corp.,Evansville,Indiana,Transportation,131,Disaster Recovery,"Leed Samples & Fulfillment specializes in the design and manufacturing of high-quality material samples, including various types of memo samples and wood samples. They offer comprehensive fulfillment services, ensuring efficient delivery of material samples and sales literature to clients. Their intended clients include businesses seeking reliable fulfillment solutions and high-quality sample production. Leed is committed to environmentally friendly practices in their production and fulfillment processes.",70141280
Legal Action of Wisconsin Inc.,La Crosse,Wisconsin,Organizations,149,Generative AI; Autonomous Intelligence and Agentic AI,"Legal Action Wisconsin provides free legal assistance to low-income individuals and families facing various legal issues, including housing, employment, debt, public benefits, family law, and victim support. The organization serves specific populations such as farmworkers, seniors, veterans, and those affected by domestic violence and human trafficking. Their services aim to empower clients by addressing their legal challenges and ensuring access to justice. Legal Action Wisconsin is committed to making a significant impact in the community through advocacy and support.",22381483
Legion Insurance Company,Philadelphia,Pennsylvania,Insurance,171,,"Legion Insurance Company was a property and casualty insurer. The company was founded in 2007 and is headquartered in Philadelphia, Pennsylvania. In 2003, The Commonwealth Court of Pennsylvania ordered Legion Insurance Company into liquidation.",84494485
Leman USA Inc.,Greve,Zealand,Transportation,843,Cloud Computing; Digital Transformation; Autonomous Intelligence and Agentic AI; Enterprise Infrastructure; Artificial Intelligence,"Founded in 1900, LEMAN is a transport and logistics company offering road, air, and sea freight transportation services, and also provides logistics and warehousing services. LEMAN is headquartered in Greve, Denmark, with offices in Sweden, Norway, Finland, Greenland, the UK, and the USA.",40831771
LiDestri Food and Drink,Fairport,New York,Manufacturing,1424,Generative AI; File Sharing; Environmental Regulations; Dropbox,"Founded in 2014 and headquartered in Fairport, New York, LiDestri is a premier private label and contract manufacturer of food, beverages, and spirits, supplying over 40 million cases of product each year.",547394304
Lifeline Youth & Family Services Inc.,Fort Wayne,Indiana,Organizations,667,Autonomous Intelligence and Agentic AI,"Lifeline is a faith-based organization dedicated to providing hope and support to families and youth involved in the legal system through home-based services, court-ordered therapy, and preventative education. With over 50 years of experience, Lifeline offers a range of services including Adoption & Guardianship Support Services, Family Preservation Services, and Traditional Home-Based Services. The organization focuses on delivering evidence-based solutions tailored to the individual needs of families, helping them overcome challenges and thrive within their communities. Lifeline collaborates with state agencies to ensure families receive exceptional care and resources to break cycles of hardship.",70863695
Lifeway Foods Inc.,Morton Grove,Illinois,Manufacturing,293,Environmental Regulations,"Lifeway Foods, Inc. is an American food and beverage manufacturer best known for producing and marketing Lifeway Kefir, a cultured dairy beverage rich in probiotics, protein, and calcium. Founded in 1986 in Morton Grove, Illinois, the company pioneered commercial kefir production in the United States and has grown into the dominant supplier of fermented probiotic dairy products in the U.S. market. Its product portfolio includes drinkable kefir in various flavors and formulations, European-style farmer cheeses, and functional probiotic beverages marketed under brands such as Lifeway, Fresh Made, and ProBugs. Lifeway distributes products nationwide through supermarkets, specialty retailers, and distributors, and continues to expand capacity and reach through strategic investments in manufacturing facilities.",70912527
Lindell Bank,St. Louis,Missouri,Finance,144,Cloud Computing; End-to-End Encryption; Autonomous Intelligence and Agentic AI; Encryption,"Lindell Bank is a full service, independent community bank offering a wide variety of products and services. Established in 1923, the company offers twelve convenient banking locations and fourteen ATMs in the St. Louis metro area to serve you! Locally owned and operated, Lindell Bank has the highest financial ratings in St. Louis for stability and strength.",69503003
Lindengrove Inc.,Brookfield,Wisconsin,Healthcare Services,641,,"LindenGrove Communities offers a continuum of care that includes assisted living, advanced assisted living, memory care, short-term rehabilitation and skilled nursing. The company is headquartered in Brookfield, Wisconsin.",69503028
Little Rapids Corp.,Green Bay,Wisconsin,Manufacturing,373,Environmental Regulations; Energy Storage; Autonomous Intelligence and Agentic AI,"Little Rapids Corporation is an industry-leading manufacturer of specialty paper products catering to the Medical, Beauty, and Food Service markets. Their products are designed to promote safety and sanitation while providing convenience and comfort for professionals and their patients. With three U.S.-based operations, the company combines over a century of papermaking heritage with advanced technology to deliver sustainable performance and brand precision. Little Rapids Corporation is committed to customer solutions and has a strong reputation for stability and integrity in the industry.",1143851278
Logan Community Resources Inc.,South Bend,Indiana,Organizations,415,,"The LOGAN Center supports people with intellectual and developmental disabilities in Indiana and Michigan so they, and their families, may achieve their desired quality of life. Its services allow children to transition from special needs classrooms to mainstream general education classrooms.",57641102
Loyola Press,Chicago,Illinois,Media & Internet,120,Autonomous Intelligence and Agentic AI; Advanced Threat Protection (ATP),"Loyola Press is a Catholic publisher specializing in religious education materials, including books, ministry resources, and educational programs for various age groups. Their offerings encompass faith formation programs, language arts curriculum, and resources for diverse learners, catering to individuals from preschool through adult education. The company aims to support catechists, teachers, and families in nurturing faith and providing theological education. Additionally, Loyola Press provides spiritual resources like 3-Minute Retreats, articles, and reflections to deepen spiritual practice.",23183664
Lusha Systems Inc.,Boston,Massachusetts,Software,276,Digital Transformation,"Lusha Systems Inc is a company that operates in the Business Intelligence (BI) Software industry. It employs 250to499 people and has 50Mto100M of revenue. The company is headquartered in Boston, Massachusetts.",408702118
Lutheran Homes of Oconomowoc Inc.,Oconomowoc,Wisconsin,Healthcare Services,262,,"Shorehaven is a trusted, faith-based resource for seniors located in Oconomowoc, offering a comprehensive range of living options including independent living, assisted living, memory care, and skilled nursing facilities. The facility is designed to provide high-quality care and support in a serene natural setting, ensuring seniors can thrive at every stage of their journey. Shorehaven emphasizes community enrichment through its Center for Life Enrichment, which provides resources and activities to foster connection and well-being. The company serves seniors seeking compassionate care and innovative solutions, while also engaging the local community through events and volunteering opportunities.",368806430
Lyric Opera of Chicago,Chicago,Illinois,Organizations,586,Generative AI; Environmental Regulations; Data Center Migration; Autonomous Intelligence and Agentic AI; Artificial Intelligence,"Founded in 1954, the Lyric Opera of Chicago is headquartered in Chicago, Illinois. They present international singers, conductors, directors, and designers in classic operatic repertoire and in world-premiere productions.",69011796
Madison One Holdings LLC,Scottsdale,Arizona,Finance,14,,"Madison One is a direct business lending platform that serves borrowers and lenders nationwide, focusing on government guaranteed loan programs. The platform is designed to enhance efficiency and returns for lenders while allowing business owners to concentrate on revenue generation. It is a collaboration primarily owned by credit unions, aimed at facilitating participation in government guaranteed lending. Madison One provides services to both borrowers and lenders, maximizing their potential in the lending market.",368191479
Magnetrol International Inc.,Aurora,Illinois,Manufacturing,457,Environmental Regulations; Energy Storage,"Founded in 1932 and headquartered in Aurora, Illinois, Magnetrol International develops, manufactures, and distributes level and flow control measurement instrumentation utilized by electric, gas, and sewer.",483711198
Maple Leaf Inc.,,,,,,,
Marc Fisher Footwear,Greenwich,Connecticut,Manufacturing,998,App Analytics Companies,"Marc Fisher Footwear is an industry leader in the footwear market, offering a diverse portfolio of 18 iconic brands that cater to various styles, including classic, contemporary, sport, and dress for both men and women. Founded in 2005, the company emphasizes quality, design, and comfort as core values in their products. With a global reach and strong retail partnerships, they aim to meet the footwear needs of every lifestyle. Celebrating 20 years of innovation and craftsmanship, Marc Fisher Footwear values the support of its employees, vendors, and partners.",1154348022
Markey's Audio/Visual Inc.,Indianapolis,Indiana,Retail,320,,"Markey's is an event technology expert specializing in video, lighting, audio, and livestreaming solutions for live events. The company assists clients in creating defining experiences for virtual, hybrid, or in-person events, guiding them from concept to completion while managing all technological aspects. Markey's aims to be a trusted partner in delivering high-quality, seamless event experiences, catering to a diverse clientele that requires industry-leading equipment and support. Their impressive portfolio includes collaborations with prominent organizations like the Indianapolis Colts and JW Marriott, showcasing their commitment to exceptional service and customer satisfaction.",72942515
Marquette Co,,,,,,,
Marquette Property Investments Inc.,,,,,,,
Marshall Browning Hospital,Du Quoin,Illinois,Hospitals & Physicians Clinics,291,Clustering; Environmental Regulations,"Marshall Browning Hospital is dedicated to improving the health and quality of life for the communities it serves. The hospital offers a wide range of medical services including emergency care, specialty clinics, rehabilitation, and various outpatient therapies. Its intended clients include patients seeking comprehensive healthcare services, from urgent care to specialized treatments. The facility is committed to providing exceptional care and has received recognition for its quality services.",66128081
Mastergraphics Inc.,,,,,,,
Material Sciences Corp.,Canton,Michigan,Manufacturing,350,Generative AI; Autonomous Intelligence and Agentic AI; Business Analytics,"Headquartered in Canton, MI, Material Sciences Corporation (MSC) provides advanced solutions in metals, metal products and metal processing across end-use markets. Material Sciences has been providing services for automotive, construction, and consumer good industries since 1951.",75220974
Materials Processing Inc.,,,,,,,
Mather Lifeways,Evanston,Illinois,Healthcare Services,728,,"Mather is located in Evanston, Illinois and was founded in 1941. Mather is a not-for-profit organization that's services are to enhance the lives of older adults. Dedicated to developing and implementing Ways to Age Well, Mather creates programs, places, and residences for today's young-at-heart older adults. These include providing a continuum of living and care; supporting neighborhoods in being better places for older adults to live, work, learn, contribute, and play; and identifying, implementing, and sharing best practices for Ways to Age Well.",66490719
McCormick Place,,,,,,,
Meduit,Charlotte,North Carolina,Business Services,1700,Generative AI; Fraud Protection; Environmental Regulations; Big Data Software,"Founded in 2017, Mediut is a full-service virtual collection agency that improves cash flow for healthcare providers offering revenue cycle management services combining accounts receivable management solutions with advanced technologies. Meduit uses technologies to offer financial management services and debt collection and overpayment services to clients. This company is headquartered in Charlotte, North Carolina.",448932771
Medulla LLC,Oak Brook,Illinois,Business Services,580,Cloud Backup & Recovery; Fraud Protection; Environmental Regulations,"Medulla, headquartered in Oak Brook, Illinois, is a business consulting and healthcare management organization offering wellness programs and education services.",363380138
Members Credit Union,Winston Salem,North Carolina,Finance,90,Digital Transformation; Generative AI; Environmental Regulations; Autonomous Intelligence and Agentic AI; Dropbox,"Members Credit Union is a member-owned, not-for-profit financial cooperative based in North Carolina with headquarters in Winston-Salem. The company offers a full portfolio of financial service products while charging fewer and lower fees than the larger for-profit banks. All deposits are federally insured up to $250,000 by the National Credit Union Administration (NCUA), and backed by the full faith and credit of the United States Government. As a service-oriented not-for-profit, the company's goal is to serve members, not wealthy shareholders. That's because the company believes members are more valuable than profit.",61507163
Merex Technology Leasing Corp.,,,,,,,
Meridian IT Inc.,Deerfield,Illinois,Retail,750,Enterprise Contact Center; End-to-End Encryption; Environmental Regulations,"Meridian Leasing provides finance and lease solutions for new, used, and refurbished equipment for the healthcare, construction, manufacturing, and wholesale and distribution industries. As an independent lessor, Meridian Leasing offers support and guidance for equipment, vendor, and financing. Meridian Leasing is a part of the Meridian Group International and is headquartered in Deerfield, IL.",72634147
Meridian Leasing Company,Deerfield,Illinois,Retail,750,Enterprise Contact Center; End-to-End Encryption; Environmental Regulations,"Meridian Leasing provides finance and lease solutions for new, used, and refurbished equipment for the healthcare, construction, manufacturing, and wholesale and distribution industries. As an independent lessor, Meridian Leasing offers support and guidance for equipment, vendor, and financing. Meridian Leasing is a part of the Meridian Group International and is headquartered in Deerfield, IL.",72634147
Meridian Leasing Corp.,Deerfield,Illinois,Retail,750,Enterprise Contact Center; End-to-End Encryption; Environmental Regulations,"Meridian Leasing provides finance and lease solutions for new, used, and refurbished equipment for the healthcare, construction, manufacturing, and wholesale and distribution industries. As an independent lessor, Meridian Leasing offers support and guidance for equipment, vendor, and financing. Meridian Leasing is a part of the Meridian Group International and is headquartered in Deerfield, IL.",72634147
Messenger,,,,,,,
Metal Technologies Inc.,Auburn,Indiana,Manufacturing,787,Cloud Computing; Backup & Recovery Software; Fraud Protection,"Metal Technologies was founded in 1997 and is headquartered in Auburn, Indiana. They are a metal casting company that produces gray iron, ductile iron, austempered ductile and more.",51185556
Metalx LLC,Auburn,Indiana,"Energy, Utilities & Waste",260,Generative AI,"MetalX is a privately held, independent scrap metal recycling business founded in 2012 by Danny and Neal Rifkin, third and fourth generation members of the Rifkin family, whose long history in the industry is well-known. MetalX is a full-service scrap metal recycling company engaged in the business of recycling, processing, and trading of scrap and secondary metals, as well as providing consulting and management services to industrial companies. The company is focused on creating value through relationships with suppliers and consumers. Headquartered in Waterloo, Indiana the company currently employs more than 200 people throughout six facilities concentrated in northeast Indiana and northwest Ohio.",356338858
Metro Bank,London,Greater London,Finance,4286,Fraud Protection,"Metro Bank is a financial institution founded in 2010 and headquartered in the United Kingdom. The bank provides retail, business, commercial, and private banking services through multiple channels including physical stores, online banking, and a mobile app. Metro Bank is known for its customer-centric approach, offering banking services seven days a week with extended hours. The institution has received recognition for its service quality in personal and business banking, including awards for its financial services. Metro Bank operates across Europe with a strong digital presence through its internet banking platform and mobile application, allowing customers to manage their finances whenever and wherever they choose.",374952679
Metronet,Evansville,Indiana,Telecommunications,3000,Enterprise Contact Center; End-to-End Encryption; Digital Transformation; Fraud Protection; Amazon Web Services (AWS); Environmental Regulations; Capacity Planning; Energy Storage; Autonomous Intelligence and Agentic AI; Advanced Analytics; Compliance; Encryption; Generative AI; Advanced Threat Protection (ATP); Enterprise Resource Planning; Business Analytics; App Analytics Companies; Artificial Intelligence,"Metronet is a customer-focused company providing cutting-edge fiber-optic telecommunication services, including high-speed Fiber Internet and full-featured Fiber Phone",357376263
Mfri Inc.,,,,,,,
Microaire Surgical Instruments,Charlottesville,Virginia,Manufacturing,163,Generative AI,"Headquartered in Virginia, MicroAire is a manufacturer in the medical device industry, providing surgical solutions.",62473765
Mid America National Bancshares Inc.,Canton,Illinois,Finance,123,Generative AI; Business Intelligence; Autonomous Intelligence and Agentic AI,"MidAmerica National Bank has offices located in Canton, Cuba, Henry, Lewistown, and Macomb and provides full-service banking to its customers. Throughout its history, MidAmerica National Banks principal guiding force has been the desire to serve the community and its residents. MidAmerica National Bank has assets of approximately $440 million and has approximately 400 shareholders located throughout the communities the company serves. The bank is governed by a 10-member Board of Directors that meets at least bi-monthly, and is managed by its Executive Management Committee and its officers, whom are designated by the Board. As a national bank, MidAmerica is subject to strict requirements of both federal and state laws and regulations. All deposits are insured by the FDIC.",24937903
Milestone Inc.,,,,,,,
Milk Specialties,Eden Prairie,Minnesota,Manufacturing,900,,"Milk Specialties Global, headquartered in Eden Prairie, Minnesota, is comprised of three businesses which are Milk Specialties Global Human Nutrition, Milk Specialties Global Animal Nutrition and Milk Specialties International Group. The company provides protein ingredients and specialty dairy ingredients.",25035004
Millennium Steel,,,,,,,
Milwaukee Center For Independence Inc.,Milwaukee,Wisconsin,Healthcare Services,770,,"CFI is a nationally recognized leader in providing disability support services, focusing on empowering individuals with disabilities to achieve greater independence. Their comprehensive programs include behavioral health services, crisis resource centers, children's health services, and employment and nutrition support. CFI aims to enrich the lives of people with disabilities and remove barriers to meaningful employment while promoting community access to nutritious food. Established in 1938, CFI is committed to building healthy, inclusive communities and has been accredited by the Commission on Accreditation of Rehabilitation Facilities for its high-quality care standards.",69289766
Mit Alumni Association,Cambridge,Massachusetts,Organizations,33,Fraud Protection; File Sharing; Environmental Regulations; GitHub; Cloud Backup & Recovery; Energy Storage; Autonomous Intelligence and Agentic AI; Generative AI; Encryption; Business Analytics; Advanced Threat Protection (ATP); Artificial Intelligence; Compliance; Digital Transformation; Dropbox; Docker; Big Data Software; Backup & Recovery Software; End-to-End Encryption,"The MIT Alumni Association provides a range of services and benefits to MIT graduates, including career development resources, mentoring, and access to exclusive discounts. It fosters a global community of alumni through regional clubs and various events, such as Tech Reunions. The association also supports alumni engagement in research, arts, and technology while promoting initiatives like the MIT Better World. Its intended clients are MIT alumni seeking to stay connected and enhance their professional and personal lives.",1161206135
M-J Insurance Inc.,Las Vegas,Nevada,Insurance,4,,"Established in 1995. An independent agency specializing in Medicare, Health Insurance, Life Insurance, Dental/Vision plans, Disability and supplemental. S & J Insurance is an independent family owned business established in 1995 in Las Vegas, Nevada. In January 2006 we relocated our agency to Fort Wayne, Indiana allowing us a centralized location for family. We continue to represent many of the finest companies in the industry. As independent brokers we will provide our clients with the highest quality products at the lowest cost, in order to meet their specific needs. Our priority is providing honest, old-fashioned, quality service. There are no 'menus' on our phone system!",372904262
Much Shelist Freed Denenberg,Chicago,Illinois,Law Firms & Legal Services,189,Clustering; Fraud Protection,"Much Shelist is a Chicago-based full-service business law firm with an office in Irvine, CA. Founded in 1970, Much Shelist has nearly 100 attorneys. The firm offers services in a wide range of practice areas, including corporate law; mergers and acquisitions; private equity; venture capital and emerging growth companies; commercial finance; taxation and business planning; labor and employment; commercial real estate and construction; business litigation and dispute resolution; insurance coverage and risk management; intellectual property and technology; health care law; and wealth transfer and succession planning.",45908576
Museum of Science & Industry,Chicago,Illinois,Hospitality,199,,"The Griffin Museum of Science and Industry is the largest science center in the Western Hemisphere, providing unique experiences aimed at inspiring scientific inquiry and creativity since 1933. It offers a variety of exhibits, immersive films, and educational programs designed to engage visitors of all ages. Targeting families, school groups, and educators, the museum emphasizes the importance of science education and innovation. With a digital collection of over 1,000 artifacts and ongoing events, it serves as a hub for scientific exploration and learning.",1143485228
Nabp,Evanston,Illinois,Consumer Services,19,,"Nabp LLC is a company that operates in the Consumer Services industry. It employs 10to19 people and has 500Kto1M of revenue. The company is headquartered in Evanston, Illinois.",1331616496
Nanshan America AAT,,,,,,,
National Lift Truck Inc.,Hazel Crest,Illinois,Transportation,143,,"For over six decades, Customer Service Excellence has been our mission. Weve developed a customer service oriented team to help facilitate your needs. Whether you have an immediate problem or a forward-looking project to plan, well work hard to earn and retain your business for years to come. Solutions based mentality: for every challenge you identify, well provide a solution. Were committed to developing long-term relationships built on honesty and respect. I would like you to all know that Gasper Raimondi did an outstanding job for one of my customers. Derek Eller couldnt say enough about this driver. Also, they are pleased to know that National Lift truck has been moving snow equipment for them. Jim Oshea will be moving equipment for this customer as well. Thank you for all your help. It is with great pleasure to work with your drivers. I received your gift yesterday and just wanted to say thanks. While the gift was very thoughtful and appreciated, I can't personally accept gifts with any monetary value. Not to worry though as it will be shared with the staff here and used as part of our holiday celebration. Thank you also for the great service you provide and for taking good care of our equipment and our store personnel. Happy holidays to every body at NLT. We just completed a very difficult task on having you deliver a lift on one of the fabulous streets of Chicago. A little difficult having a delivery made from a long flatbed trailer around multiple One Way streets, however, your driver was very patient and made it work out. I want to thank you for the wonderful service that you provide for our Company. Ralph ""Tiger"" MazonTHE HILL GROUP, Thank you from Harry for all the help you guys have done for us. Your guys are very professional & that makes us look good in our clients eyes for being affiliated with such a great company. Also you guys are always getting me out of jams in trucking. You also have a great weekend. Debi Van AntwerpCommunity Consolidated School District #62, Just a couple of things, just ...",26689668
National Marine Manufacturers Association,Washington,District of Columbia,Organizations,125,Compliance,"The National Marine Manufacturers Association (NMMA) is the nations leading trade association representing boat, marine engine and accessory manufacturers. Collectively, NMMA members manufacture a marine products used in North America. NMMA is a unifying force and powerful voice for the recreational boating industry, working to strengthen and grow boating and protect the interests of its member companies.",26706054
National Van Lines Inc.,Broadview,Illinois,Transportation,127,Generative AI,"Our long history as movers shows that weve been around since the start. Evolving from a 1929 Chicago horse-and-wagon operation to todays globe-spanning long-distance mover, National Van Lines excels at providing stress-reducing residential/commercial relocation and storage solutions. Whether your move is big or small, we handle it all with nationally recognized customer service, award-winning drivers and unparalleled attention to detail.",73991634
Nationwide Acceptance Corp.,Rosemont,Illinois,Finance,130,Environmental Regulations; Encryption; All Flash Array,"Nationwide Acceptance LLC is comprised of a group of companies that has been providing quality financial services to consumers and businesses since 1954, and has a consistent record of growth and innovation. The company's businesses include personal loans, automobile retail sales financing, collection services and bulk purchases of contract receivables. Nationwide is owned by its seasoned management team and by a subsidiary of Prospect Capital Corporation, a publicly-traded firm (NASDAQ: PSEC). Nationwide is one of the most reputable and reliable independent sub-prime lenders in the country.",82297850
Ncl Graphic Specialties Inc.,Waukesha,Wisconsin,Business Services,125,Autonomous Intelligence and Agentic AI,"NCL Graphic Specialties is a manufacturer and producer of packaging and promotional print solutions that enable customers to protect, identify, and promote their brands across food and consumer goods markets. The company serves a diverse customer base that relies on NCL to maintain consistent production line uptime and deliver short turnaround times, fostering long-term partnerships built on quality and reliability. NCL operates a comprehensive pressroom equipped with advanced printing technology, including two Heidelberg 40 Speedmaster XL 105 roll-to-sheet presses featuring eight-color capability and aqueous coating, capable of running 24/7 to meet peak demand. The company also operates a heat-set half-size web press with five-color printing, folding capabilities, and web-to-sheet conversion. Recognizing market opportunity, NCL expanded into flexible packaging with eight flexographic presses ranging from one to twelve colors, capable of processing both paper and synthetic substrates with aqueous, solvent, and UV inks and coatings. This flexo operation supports roll-to-roll, roll-to-sheet, and inline imaging production. NCL's finishing capabilities include food-safe zones with AIB certification for direct food contact, ensuring compliance with stringent industry standards. The company's competitive advantage stems from its continuous investment in state-of-the-art equipment and skilled workforce, enabling it to deliver high-quality output while maintaining tight turnaround commitments. NCL's strategic capital investments position the company for sustained growth and expanded market reach, with equipment additions designed to enhance production capabilities and serve evolving customer needs. The combination of modern press technology, diverse substrate and ink compatibility, comprehensive finishing services, and demonstrated operational excellence makes NCL a reliable partner for brands requiring dependable packaging and promotional print solutions.",82348891
New Washington State Bank,New Washington,Indiana,Finance,103,Environmental Regulations,"New Washington State Bank (NWSB) offers a range of personal and business banking services, including checking and savings accounts, home loans, and personal lending options. The bank also provides digital banking solutions such as online and mobile banking, along with merchant payment services and treasury management for businesses. Their target clients include individuals seeking personal banking solutions and businesses in need of comprehensive banking services. NWSB emphasizes convenience and customer satisfaction through various rewards programs and accessible banking options.",53315249
New-Indy Containerboard Hold Co LLC,Ontario,California,Manufacturing,1557,Environmental Regulations,"New-Indy is a joint-venture that was formed in 2012 by the Kraft Group and Schwarz Partners, LP, two family-owned companies with long histories in paper and packaging. Today, New-Indy operates three recycled brown paper mills and eight packaging facilities throughout the United States. The Catawba Mill acquisition represents a continuation of New-Indy's investment in growing the venture through the acquisition of strategic and synergistic companies in the paper and packaging industry.",369796575
NewNet Communication,Lombard,Illinois,Telecommunications,165,,"Founded in 1988 and headquartered in Lombard, IL, NewNet Communication Technologies is a wireless communications services company. NewNet Communication Technologies provides solutions for contact centers, next-generation mobile and fixed-line networks, and secure payment transaction transport.",343285248
Nishida Services Inc.,Fishers,Indiana,Business Services,317,Enterprise Contact Center; Flash Storage,"Nishida Services, Inc. is a leading provider of commercial cleaning services with over 40 years of experience in the industry. They offer a range of services including janitorial services, floor care and maintenance, industrial cleaning, construction cleaning, and specialized services. The company is dedicated to maintaining high-quality standards and building lasting partnerships with clients, emphasizing the importance of a clean image. Nishida Services also has expertise in managing Requests for Proposals (RFPs) and is recognized as a Minority Business Enterprise (MBE).",200950396
Noble REMC,Albion,Indiana,"Energy, Utilities & Waste",23,Encryption,"Noble REMC is a Touchstone Energy Cooperative that provides electricity and related services to nearly 10,000 members in rural areas of northeast Indiana. Established by local residents and farmers, the cooperative spans over 1,265 miles of energized line and focuses on community and economic development. The organization offers various member services, including energy efficiency programs, rebates, and support for electric vehicles. Noble REMC is dedicated to prioritizing member safety and engagement while fostering a sense of community.",86606423
Nordco Inc.,Oak Creek,Wisconsin,Manufacturing,316,End-to-End Encryption; Amazon Web Services (AWS); Business Intelligence; Encryption; Artificial Intelligence,"Nordco is a manufacturers of railroad maintenance equipment. It offers adzers, anchor machines, clip machines, cranes and rail trains. The company was founded in 1926 and is headquartered in Oak Creek, Wisconsin.",27853790
Nordex USA Inc.,Hamburg,Hamburg,Manufacturing,10256,Backup & Recovery Software; Generative AI; Digital Transformation; Application Performance; Energy Storage; Autonomous Intelligence and Agentic AI,"Established in 1985 and headquartered in Hamburg, Germany, Nordex is a provider of development, manufacturing, project managing and servicing of onshore wind turbines.",27853839
North American Spine Society,Burr Ridge,Illinois,Organizations,57,Environmental Regulations,"Founded in 1984 and headquartered in Burr Ridge, Illinois, the North American Spine Society or NASS is an organization that focuses on the ensuring that patients get ethical, value based, and evidence based spine care. The organization does this through research, education, and advocacy.",26394635
North Central Group Inc.,Middleton,Wisconsin,Hospitality,1000,Environmental Regulations; Autonomous Intelligence and Agentic AI,"NCG Hospitality is a leader in the ownership, development, and operations of premier hospitality properties, offering hotel management, development, and renovation services. With over 45 years of experience, this family-owned business operates more than 30 properties across the U.S. They provide comprehensive services tailored to property owners and investors in the hospitality sector. NCG Hospitality is committed to leveraging their expertise to enhance the value and performance of hospitality properties.",1158417850
North Central Management Inc.,Fort Worth,Texas,Business Services,21,,"North Central Management LLC is a company that operates in the HR & Staffing industry. It employs 20to49 people and has 1Mto5M of revenue. The company is headquartered in Fort Worth, Texas.",1302108758
North Central States Regional Council of Carpenters Scholarship Foun,,,,,,,
Northshore Health Center,Christiansted,Vi,Hospitals & Physicians Clinics,52,,"Northshore Health Center is a company that operates in the Medical Specialists industry. It employs 50to99 people and has 5Mto10M of revenue. The company is headquartered in Christiansted, Vi, U.S. Virgin Islands.",1324722284
Northstar Bank MI,,,,,,,
Northwest Indiana Bancorp,Munster,Indiana,Finance,296,All Flash Array,"Finward Bancorp operates as the holding company for Peoples Bank that provides various banking products and services. The company's deposit products include non-interest- and interest-bearing demand accounts, savings accounts, money market deposit accounts, certificate accounts, and retirement savings plans. Its loan products portfolio comprises residential mortgage loans that enable borrowers to purchase existing homes, refinance existing homes, or construct new homes; construction loans primarily to individuals and contractors; commercial real estate loans; consumer loans to individuals for personal, household, or family purposes; home equity line of credit; home improvement loans and equity loans; commercial business loans; government loans; and loans to municipalities. The company also offers estate and retirement planning, custodial services, guardianships, IRA accounts, and investment agency accounts, as well as serves as the personal representative of estates, and acts as trustee for revocable and irrevocable trusts. In addition, it provides insurance and annuity investments to wealth management customers; holds real estate properties; and operates as a real estate investment trust. The company was formerly known as NorthWest Indiana Bancorp and changed its name to Finward Bancorp in May 2021. Finward Bancorp was founded in 1916 and is headquartered in Munster, Indiana.",345193234
Northwestern Bank,,,,,,,
NSA Media Inc.,Downers Grove,Illinois,Business Services,107,Endpoint Protection; Energy Storage; Encryption; Advanced Threat Protection (ATP); Enterprise Infrastructure,"NSA Media is headquartered in Illinois. NSA Media is a print and digital media agency that offers rate negotiations, media activation and placement, targeted media analytics and measurement, strategic media planning, and digital media.",195592912
O E C Graphics Inc.,Oshkosh,Wisconsin,Business Services,266,,"OEC Graphics, Inc. is a full service integrated premedia company. It offers brand design, language & strategy, in-store messaging, pre-media, workflow management, color management, coating plates, photopolymer plates & seamex sleeves, pressroom audits, and technical support. It was founded in 1912 and is headquartered in Oshkosh, Wisconsin.",1141600529
OFS International LLC,Houston,Texas,Manufacturing,145,Generative AI; Environmental Regulations,"OFS International LLC is a growth-oriented supplier of premium OCTG products and services tailored for the oil and gas market. The company offers a wide range of services including threading, coupling, inspection, and field services, ensuring high-quality connections and support for its clients. With a commitment to operational excellence and a customer-centric approach, OFS International utilizes advanced manufacturing techniques and a robust quality management system. Their innovative ERP system enhances operational efficiency and responsiveness to customer needs.",358252770
Olin Community Credit Union,Bethalto,Illinois,Finance,164,,"1st MidAmerica Credit Union offers a range of financial products and services including savings accounts, loans, and retirement services. Their offerings cater to both individual and business clients, providing options such as vehicle loans, home equity loans, and business checking accounts. The credit union emphasizes member benefits, financial wellness, and community support. They also provide modern banking solutions like mobile and online banking, as well as video banking services.",1117130331
Oms International Inc.,,,,,,,
ONE ACRE FUND,New York City,New York,Organizations,8290,,"One Acre Fund is a nonprofit organization which serves smallholder farmers across sub-Saharan regions of Africa. They offer a bundle of services to help farmers to solve the problems they face and eliminate hunger in their regions, by giving asset-based loans, training farmers on modern agricultural techniques, and offering crop storage solutions as well as education on market fluctuations to aid in planning. The group is headquartered in Kakamega, Kenya and has offices in countries across Africa.",103139808
Onion Inc.,Chicago,Illinois,Media & Internet,155,Generative AI; Environmental Regulations,"The Onion is a satirical news organization that provides humorous takes on current events, politics, entertainment, and sports. It aims to entertain a wide audience with its unique brand of comedy and commentary on societal issues. The company also offers a membership option for readers who wish to support its work and access exclusive content. Additionally, The Onion operates an online store where fans can purchase merchandise related to its brand.",76367231
OperationsInc LLC,Norwalk,Connecticut,Business Services,150,,"Founded in 2001, OperationsInc provides scalable, reliable People Strategy, Human Resources, Payroll, Recruiting, and Training services. They are headquartered in Norwalk, Connecticut.",29000297
OppLoans,Chicago,Illinois,Finance,450,Generative AI; GitHub; Environmental Regulations; Autonomous Intelligence and Agentic AI,"OppLoans online loan platform offers installment loans to middle-income consumers, who may have bad credit or no credit.",1133871403
Opportunity Enterprises Inc.,Valparaiso,Indiana,Organizations,497,Generative AI; Autonomous Intelligence and Agentic AI,"Opportunity Enterprises is dedicated to creating inclusive and equitable opportunities for individuals of all abilities through a range of services. Their offerings include residential programs, vocational training, corporate inclusivity consulting, and various social enterprises designed to provide employment for people with disabilities. The organization serves individuals, families, and communities, aiming to empower clients through diverse support programs and services. Opportunity Enterprises also focuses on community engagement through events, advocacy, and volunteer opportunities.",1117463957
Optivate Health,Bonita Springs,Florida,Software,53,,"Optivate, formerly known as EyeMD EMR Healthcare Systems, develops software solutions for ophthalmology practices. The company provides an integrated platform that includes electronic health records (EHR), practice management, imaging, patient engagement, revenue cycle management, and optical operations tools to help streamline clinical and administrative workflows.",5000688868
Orc Industries Inc.,La Crosse,Wisconsin,Manufacturing,264,Cloud Computing; Fraud Protection; Advanced Threat Protection (ATP),"ORC Industries, Inc. is a not-for-profit organization that specializes in manufacturing, logistics, and assembly services, with a strong commitment to enhancing the independence and productivity of individuals with disabilities through meaningful employment. The company offers a range of products including military gear, outdoor equipment, and commercial laundry services, all proudly made in the USA. Their intended clients include military personnel, outdoor enthusiasts, and businesses in need of quality manufacturing and logistics solutions. ORC Industries is dedicated to providing exceptional quality products and services while supporting the community.",85541294
Oregon Community Bank,,,Finance,50,App Analytics Companies,"Bosshard Financial Group, Inc., is the holding company for Oregon Community Bank. Oregon Community Bank, a $500 million bank established in 1976, offers a full range of personal and business financial services including consumer, real estate, and business lending. Waunakee Community Bank and the new Adams Community Bank offices are branches of Oregon Community Bank. The bank is consistently rated as a 5-Star institution by independent bank rating organizations.",345556387
OrthoIllinois,Rockford,Illinois,Hospitals & Physicians Clinics,500,Generative AI; Environmental Regulations,"Since its founding in 1967, Ortho Illinois, a division of OrthoMidwest, has grown dynamically to become one of the leading bone and joint providers in northern Illinois. We provide exceptional care and expertise from five convenient clinic locations, two in Rockford, and one each in Algonquin, Elgin, and in McHenry, Illinois. We offer a team of skilled surgeons, physicians, clinical, and support staff are committed to providing you with a higher standard of care that is centered on returning you to a more pain-free and active life",374308802
Orthopediatrics Corp.,Warsaw,Indiana,Manufacturing,602,Backup & Recovery Software; Environmental Regulations; Autonomous Intelligence and Agentic AI; Enterprise Infrastructure,"OrthoPediatrics Corp., a medical device company, engages in designing, developing, and marketing anatomically appropriate implants, instruments, and specialized braces for children with orthopedic conditions in the United States and internationally. The company offers pediatric trauma and deformity correction products; scoliosis procedures for the treatment of spinal deformity; and sports medicine and other products.",353832071
Osceola Medical Center,Osceola,Wisconsin,Hospitals & Physicians Clinics,49,Autonomous Intelligence and Agentic AI,"Osceola Medical Center is a community-based healthcare provider in Osceola, WI, offering comprehensive care including primary care, OBGYN services, urgent care, and specialty care. Their experienced team is dedicated to providing personalized healthcare for individuals and families at every stage of life. With a mission to improve community health, they combine quality healthcare with hometown service. The center also emphasizes preventive care, encouraging early detection and regular check-ups.",556274204
Otto Engineering,Carpentersville,Illinois,Manufacturing,444,Generative AI,"Founded in 1961, OTTO Engineering designs and manufactures electro-mechanical switches, grips, hall effect controls, joysticks, and communications accessories for the two-way radio market. Their customers include the federal government and other international military. Headquarters is located in Carpentersville, IL.",353832423
Package Right Corp.,Tipton,Indiana,Manufacturing,98,External Hard Drive; Generative AI; Autonomous Intelligence and Agentic AI,"Package Right is an American manufacturer specializing in the creation of puzzles and games, offering end-to-end production services. They maintain full control over costs, timing, and quality by manufacturing and assembling all products in-house. The company is dedicated to providing tailored packaging solutions and exceptional customer support, ensuring a smooth process for their clients. Located in Tipton, Indiana, Package Right partners with well-known brands to help them design and manufacture their products while keeping all operations within the United States.",64865085
Padgett Inc.,,,,,,,
Palmer Johnson Enterprises Inc.,,,,,,,
Pana Community Hospital,Pana,Illinois,Hospitals & Physicians Clinics,87,Environmental Regulations,"Pana Community Hospital provides trusted and compassionate healthcare services to Pana, IL, and surrounding communities. Their offerings include a wide range of medical services such as emergency care, inpatient services, rehabilitation, and various specialty care options. The hospital is dedicated to delivering high-quality patient experiences and has received a prestigious 5-star rating for its exceptional care. They cater to a diverse clientele, including patients seeking primary and specialized medical care, as well as those in need of home health and hospice services.",39027555
Paragon Medical Inc.,Pierceton,Indiana,Manufacturing,1000,Environmental Regulations; Energy Storage; Autonomous Intelligence and Agentic AI; Big Data Software,"Paragon Medical is a manufacturing company. It offers products like cases & trays, surgical instruments, implants, and drug services. The company is headquartered in Pierceton, Indiana.",92276027
Park Homewood-Flossmoor District,,,,,,,
Park Place Technologies LLC,Cleveland,Ohio,Business Services,2400,Disaster Recovery; Digital Transformation; Generative AI; Cyber Intelligence; Fraud Protection; Enterprise Contact Center; Amazon Web Services (AWS); Environmental Regulations; Enterprise Resource Planning; Energy Storage; Databases; Data Center Migration; Autonomous Intelligence and Agentic AI; Advanced Analytics; Compliance; Encryption; Business Analytics; Business Continuity; Cloud Computing; Artificial Intelligence,"Park Place Technologies is a global provider of data center and networking optimization solutions, helping organizations enhance infrastructure performance and reliability. The company delivers services that maximize IT efficiency, extend the life of critical equipment, and optimize technology investments. Trusted by a wide range of businesses worldwide, Park Place Technologies focuses on improving uptime, streamlining operations, and supporting IT teams in maintaining high-performing, resilient technology environments.",353776860
Partners 1st Federal Credit Union,Fort Wayne,Indiana,Finance,260,Enterprise Contact Center; Generative AI; Advanced Threat Protection (ATP),"Partners 1st Federal Credit Union is a non-profit, full-service financial organization that serves various employee groups, their family members, and several community areas. Partners 1st Federal Credit Union began by serving Magnavox employees. The company still serve those individuals, along with many other people who simply appreciate a financial institution with helpful products and services. As a Partners 1st member, you can access your account 24/7 with online home banking, mobile banking and a nationwide surcharge-free ATM network",175849975
Partners in Practice,,,,,,,
Patriot Engineering & Environmental Inc.,Indianapolis,Indiana,Construction,164,Autonomous Intelligence and Agentic AI; Encryption,"Patriot Engineering and Environmental, based in Indianapolis, IN, specializes in providing professional engineering services including environmental consulting, geotechnical engineering, construction materials testing, and drilling services. Established in 1995, the company has built a strong reputation for serving the development and redevelopment community with expertise and tailored solutions. Their team consists of highly qualified professionals, including licensed engineers and certified technicians, dedicated to supporting clients throughout every stage of construction projects. With a commitment to safety and excellence, Patriot has worked with notable clients across public and private sectors, ensuring project success and client satisfaction.",92768265
Phoenix International Publications Inc.,Chicago,Illinois,Media & Internet,19,Environmental Regulations; Data Center Migration; Generative AI,"At Phoenix International Publications (PIP), the company is committed to crafting engaging, educational, and entertaining books for children. The company creates a wide range of original and licensed sound books, song books, picture books, board books, apps, bath, color, and activity books, all of which encourage a lifelong love of story time and imaginative play. PIP is based in Chicago, Illinois with offices worldwide. Named a worldwide leading licensee by License Global magazine, PIP has been a division of Phoenix Publishing & Media Group (PPMG), Inc. since 2014 and has been publishing books for over three decades. For over 30 years, PI Kids has partnered with such licensors as Disney, Nickelodeon, Sesame Workshop, and more to craft heartfelt stories with charming illustrations, activities, sounds, and songs. The company's award-winning storytelling and digital innovation fuel young readers imaginations while enhancing their awareness of the wider world.",1217996255
Pinnacle Actuarial Resources Inc.,Bloomington,Illinois,Business Services,83,Environmental Regulations,"Pinnacle Actuarial Resources specializes in providing actuarial consulting services across various industries, including agriculture, healthcare, manufacturing, and transportation. Their expertise encompasses solutions such as enterprise risk management, predictive analytics, loss reserving, and legislative costing, catering to clients like insurers, brokers, government entities, and self-insured organizations. The company is committed to helping clients manage risk and optimize insurance costs through innovative tools like the Vehicle Build Score (VBS). Pinnacle's team of experienced professionals is dedicated to delivering strategic insights and support to enhance decision-making for their clients.",94979319
Pioneer Metal Finishing LLC,Green Bay,Wisconsin,Manufacturing,1000,Enterprise Contact Center; Fraud Protection; Environmental Regulations; Endpoint Protection,"Pioneer Metal Finishing established in 1945 and headquartered in Green Bay, Wisconsin, is a metal finisher providing specialized finishes to improve the performance for your specific parts.",94995391
Plastics Family Holdings,,,,,,,
Polymer Technology Systems Inc.,Whitestown,Indiana,Manufacturing,317,Environmental Regulations; Data Center Migration,"Founded in 1992, PTS Diagnostics designs, manufactures, and markets point-of-care biometric testing devices in more than 135 countries around the world. The company is headquartered in Indianapolis, Indiana.",67831106
Polypipe Holdings Inc.,Knoxville,Tennessee,Manufacturing,77,,"For nearly 50 years, PolyPipe has been producing polyethylene pipe products to serve the energy industry. In fact, PolyPipe was born in the middle of the Texas energy boom of 1970s and has since expanded its capacity and product offering throughout North America. Through a lot of hard work and innovation, the PolyPipe brand has emerged as a leader in the natural gas distribution industry. The company's sole focus on natural gas distribution products, the company's selection of the most advanced raw materials, the company's commitment to responsiveness and service, and the company's dedication to the industrys development of premium pipeline integrity products are why the company's customers choose the company for their gas distribution pipe needs.",5000016353
Poly-Wood,Syracuse,Indiana,Manufacturing,1375,App Analytics Companies; Fraud Protection; Environmental Regulations; Autonomous Intelligence and Agentic AI; Advanced Threat Protection (ATP),"POLYWOOD Outdoor is a company that operates in the Furniture industry. It employs 21-50 people and has $1M-$5M of revenue. The company is headquartered in Syracuse, Indiana.",30819126
Portland Cement Association,Washington,District of Columbia,Organizations,99,,"The American Cement Association (ACA) is a leading organization dedicated to serving America's cement manufacturers through policy advocacy, research, education, and market intelligence. ACA focuses on promoting sustainability and safety within the cement industry, aiming for carbon neutrality by 2050. They provide valuable market analysis and forecasting to support their members and represent their interests in critical industry matters. The association also collaborates with policymakers and industry leaders to enhance infrastructure and promote innovative practices.",53854955
Prairie Cardiovascular Consultants Ltd.,Springfield,Illinois,Hospitals & Physicians Clinics,261,Environmental Regulations,"Prairie Cardiovascular Consultants is a company that operates in the Physicians Clinics industry. It employs 250to499 people and has 25Mto50M of revenue. The company is headquartered in Springfield, Illinois.",1207362763
Prairie Du Chien Memorial Hospital Association Inc.,Fennimore,Wisconsin,Hospitals & Physicians Clinics,16,,"Prairie du Chien Memorial Hospital Association Inc is a company that operates in the Medical & Surgical Hospitals industry. It employs 10to19 people and has 1Mto5M of revenue. The company is headquartered in Fennimore, Wisconsin.",1244085962
PRD Inc.,,,,,,,
PRD Inc. Do Not Use,,,,,,,
Precision Partners LLC,,,,,,,
Preferred Hotel Group Inc.,Chicago,Illinois,Business Services,120,,"Preferred Hotel Group offers a range of hospitality services and marketing solutions primarily designed for hotels and resorts. Their services include brand merchandising, revenue distribution, and consulting, aimed at enhancing the marketing efforts of their partners. The company also operates the I Prefer Hotel Rewards program, emphasizing community, sustainability, and training in the hospitality industry. Their intended clients include hotel and resort operators looking to improve their marketing and operational strategies.",413833818
Premier Community Bank,Marion,Wisconsin,Finance,112,Environmental Regulations,"Premier Community Bank serves families and businesses in Northeast Wisconsin, offering a range of financial products including mortgages, checking and savings accounts, and business loans. The bank emphasizes community support and provides personalized banking services with modern digital banking options. Their clientele includes personal customers, small businesses, and agricultural operations, reflecting their commitment to local growth. With a focus on financial security, they utilize advanced technology to protect their customers' assets.",96813761
Professional Federal Credit Union,Fort Wayne,Indiana,Finance,98,End-to-End Encryption; Generative AI,"ProFed Credit Union offers a wide range of financial products and services including savings accounts, checking accounts, credit cards, and various types of loans such as home, auto, and personal loans. They cater to individuals and businesses in northeast Indiana, providing personalized service and competitive rates. The credit union also emphasizes financial education and resources to help members enhance their financial literacy. Membership is open to those who live, work, or conduct business in specific counties, allowing them to enjoy exclusive benefits and community support.",118145722
Publications International Ltd.,Morton Grove,Illinois,Media & Internet,150,Data Center Migration,"Founded in 1967, headquartered in Morton Grove, IL, Publications International, Ltd. (PIL) is a publishing company for books and educational products in many categories.",65242409
Pyramax Bank,Greenfield,Wisconsin,Finance,85,Digital Transformation; Generative AI; Amazon Web Services (AWS),"PyraMax Bank, founded in 1895 as South Milwaukee Savings Bank, was established through a merger with Mitchell Savings Bank in 1895. The bank provides comprehensive financial services with locations throughout southeastern Wisconsin. PyraMax Bank combines the personalized service of a community bank with robust financial capabilities, offering banking solutions for both individuals and businesses. The institution specializes in various banking services including checking and savings accounts, loans, mortgages, retirement planning, and digital banking options. PyraMax Bank prides itself on local decision-making and community-focused banking services that address the specific financial needs of the southeastern Wisconsin region.",31719756
Qrm Inc.,Chicago,Illinois,Business Services,135,Enterprise Resource Planning; Autonomous Intelligence and Agentic AI,"Quantitative Risk Management (QRM) is the worlds leading risk consultancy. Since our founding in 1987, QRMs vision has been to consistently provide financial institutions the expert advice, research, and analytics they need to maximize risk-adjusted returns. We are a trusted adviser to industry-leading organizations across the globe, with a track record of success that spans the spectrum of economic circumstances. We enable our clients to understand where they are today and, more importantly, to strategically identify the risk-adjusted opportunities of tomorrow.",87509029
Quantitative Risk Management Inc.,Chicago,Illinois,Business Services,135,Enterprise Resource Planning; Autonomous Intelligence and Agentic AI,"Quantitative Risk Management (QRM) is the worlds leading risk consultancy. Since our founding in 1987, QRMs vision has been to consistently provide financial institutions the expert advice, research, and analytics they need to maximize risk-adjusted returns. We are a trusted adviser to industry-leading organizations across the globe, with a track record of success that spans the spectrum of economic circumstances. We enable our clients to understand where they are today and, more importantly, to strategically identify the risk-adjusted opportunities of tomorrow.",87509029
R.A. Smith National Inc.,Brookfield,Wisconsin,Construction,229,,"Founded in 1978, R.A. Smith National is a civil and structural engineering and surveying firm with a local and national presence offering design and construction including land development, site planning and design, structural engineering, municipal engineering, transportation and traffic, surveying, construction services and geographic information systems. R.A. Smith National is located in Wisconsin.",170132094
R.C.M. Industries Inc.,Franklin Park,Illinois,Manufacturing,546,,"Founded in 1990 and headquartered in Franklin Park, Illinois, RCM Industries Inc. manufactures die casting products. The company offers CNC machining, assembly and support operations.",122196
Radiological Society of North America,Oak Brook,Illinois,Organizations,349,Disaster Recovery; GitHub; Autonomous Intelligence and Agentic AI; Compliance; Business Analytics; Energy Storage,"RSNA is an association of radiologists, radiation oncologists, medical physicists and related scientists promoting excellence in patient care and health care delivery through education, research and technologic innovation. The Society is based in Oak Brook, Ill. (RSNA.org) The mission of the RSNA R&E Foundation is to improve patient care by supporting research and education in radiology and related scientific disciplines through funding grants and awards to individuals and institutions that will advance radiologic research, education and practice.",44105971
Rawhide Inc.,Appleton,Wisconsin,Healthcare Services,159,Databases; Environmental Regulations,"Rawhide Youth Services provides community-based youth counseling and residential treatment aimed at assisting at-risk young men and women struggling with behavioral, mental, and emotional health issues. Their services include youth counseling, job training programs, and residential programs to help youth develop skills and find hope and stability. Founded in 1965, Rawhide is dedicated to transforming the lives of vulnerable youth and empowering them towards a healthier future. Their target clients are troubled teenagers and young adults in need of support and guidance.",32162498
Rayovac Corp.,Madison,Wisconsin,Manufacturing,500,Enterprise Contact Center; Generative AI; Dropbox; Advanced Threat Protection (ATP),"Rayovac, founded in 1906 and based in Middleton, Wisconsin, is a manufacturer of alkaline storage batteries and other power items.",32178621
Receivables Management Partners,Indianapolis,Indiana,Business Services,520,Data Center Migration,"Receivables Management Partners (RMP) is a company that provides accounts receivables management services. The company was founded in 1985 and is headquartered in Indianapolis, Indiana.",20663796
Redshelf,Chicago,Illinois,Software,124,,"RedShelf is a Chicago-based EdTech company focused on helping schools, businesses, and publishers transition effortlessly from traditional print to more affordable, efficient, engaging digital textbooks, training materials, and learning content.",398521138
Redwood Logistics,Chicago,Illinois,Transportation,900,Enterprise Contact Center; End-to-End Encryption; Generative AI; Flash Storage; Autonomous Intelligence and Agentic AI,"Redwood Logistics is a third-party logistics platform company. It provides solutions for moving and managing freight. The company was established in 2001. It is headquartered in Chicago, Illinois.",125894769
Regal Ware Inc.,Kewaskum,Wisconsin,Manufacturing,383,Environmental Regulations,"Founded in 1911, Regal Ware is a company that manufactures skillets, frying pans, cooking pans, and a variety of other cookware products. The company is headquartered in Kewaskum, Wisconsin.",75137679
Relativity Oda LLC,Chicago,Illinois,Software,1600,App Analytics Companies; GitHub; Generative AI; Database Solutions; Environmental Regulations; Compliance; Data Center Migration; Amazon Web Services (AWS); Autonomous Intelligence and Agentic AI; Docker,"At Relativity offers an e-discovery software platform that helps users organize data to quickly identify key issues during litigation, internal investigations, and compliance projects. Relativity makes software to help users organize data, discover the truth and act on it. Its SaaS product, RelativityOne, manages large volumes of data and quickly identifies key issues during litigation and internal investigations. Relativity has more than 300,000 users in approximately 40 countries serving thousands of organizations globally primarily in legal, financial services and government sectors. It is headquartered in Chicago, Illinois.",32539472
Renaissance LLC,,,,,,,
Resource Bancshares Inc.,Columbia,South Carolina,Real Estate,23,Capacity Planning,"RBMG Groupe is a real estate company that handles two main services in the Paris area. Their business transactions team helps property owners buy and sell commercial spaces, working across Paris and Hauts-de-Seine. The property management side takes care of everything from managing apartment buildings to handling commercial and residential properties, making sure each asset runs smoothly for their clients.",89868230
Revere Electric Supply Co,Mokena,Illinois,Retail,500,,"Revere Electric Supply is a fourth-generation, family-owned electrical and automation solutions distributor headquartered in Mokena, Illinois. Founded in 1919, the company serves the industrial automation and electrical construction markets across Northern and Central Illinois and Southeast Wisconsin. Revere operates multiple branch locations throughout the region and offers a broad range of products and services including factory automation, process automation, motion control, mechatronics, machine safety, lighting design, switchgear, and inventory management solutions. The company has been a Rockwell Automation franchised distributor since 1935 and provides application engineering expertise to deliver customizable solutions across a wide variety of industrial applications. Revere Electric also operates subsidiaries including Holt Electric, Complete Industrial, and BJ Electric, collectively supporting both industrial and electrical construction customers throughout the greater Midwest.",15191608
Rice Lake Weighing Systems Inc.,Rice Lake,Wisconsin,Manufacturing,638,,Rice Lake Weighing Systems is a company that manufactures and distributes weight-related products and process control equipment.,90210857
Richardson Electronics,Lafox,Illinois,Manufacturing,396,Fraud Protection; Environmental Regulations,"Richardson Electronics is a global provider of engineered electronic solutions, specializing in power and microwave technologies, custom display systems, and healthcare equipment. Serving diverse industries such as energy, aviation, communications, and medical, the company delivers innovative components, technical services, and tailored solutions worldwide through its multiple business segments, supporting complex applications in diagnostics, imaging, broadcast, and industrial technologies.",86885394
Richelieu Foods,Wheeling,Illinois,Manufacturing,610,End-to-End Encryption; Environmental Regulations; Generative AI; Autonomous Intelligence and Agentic AI,"Richelieu Foods operates as a specialized food manufacturing company focused on private label production and contract packing services. The company has built its operations around two core product categories: frozen pizza and salad dressings, serving as a trusted manufacturing partner for retailers and food brands seeking reliable production capabilities and quality assurance. With deep expertise in food manufacturing processes, Richelieu Foods manages the complete production cycle for its clients, from formulation and ingredient sourcing through packaging and distribution preparation. The company's contract packing services enable brands to scale production without maintaining their own manufacturing infrastructure, providing flexibility and cost efficiency for partners of varying sizes. This operational model allows Richelieu Foods to serve as an extension of its clients' production capabilities while maintaining rigorous quality standards throughout the manufacturing process. The company's focus on private label manufacturing has positioned it as a capable partner for retailers seeking to develop competitive store-brand offerings. By handling production logistics and quality control, Richelieu Foods enables retail partners to expand their product portfolios while managing production complexity.",52396328
Richland Hospital Inc.,Richland Center,Wisconsin,Hospitals & Physicians Clinics,317,Enterprise Contact Center,"Richland Hospital specializes in providing exceptional rural healthcare services, having earned national recognition as a Top 100 Critical Access Hospital. Their extensive offerings include emergency care, outpatient procedures, and a variety of specialized services such as orthopedics, women's health, and diabetes care. With over 400 dedicated staff members, the hospital aims to make a significant difference in the lives of their patients. Their target clients are individuals and families seeking comprehensive healthcare solutions within Richland County and surrounding areas.",90261582
Riddell National Bank,Brazil,Indiana,Finance,60,Autonomous Intelligence and Agentic AI,"Riddell National Bank has been serving the community since 1885, offering a range of personal and business banking services. Their product offerings include personal loans, auto loans, credit cards, mortgage loans, and various deposit accounts. The bank focuses on providing tailored financial solutions to individuals and businesses in Clay County. With a commitment to personalized service, Riddell National Bank aims to help clients achieve their financial goals.",148357491
Rise Interactive Inc.,Chicago,Illinois,Business Services,259,,"Rise is a media solutions agency that specializes in data-driven insights and transparency, offering full-service, integrated media solutions. Their services include audience intelligence and strategy, media planning and placement, and measurement and optimization, all aimed at enhancing business outcomes for their clients. They cater to marketers seeking precision and accountability across various channels and touchpoints, ensuring complete transparency without hidden fees. Rise focuses on making media accountable by identifying valuable audiences and continuously optimizing campaigns for the best results.",1118392595
Rising Star Casino Resort,Rising Sun,Indiana,Hospitality,27,Artificial Intelligence,"Rising Star Casino offers a variety of gaming options including slots and table games, along with a range of amenities such as dining and a golf course. The casino features daily and monthly promotions to enhance the gaming experience for its visitors. It caters to clients looking for entertainment, dining, and recreational activities in a casino setting. Located in Rising Sun, Indiana, it provides a comprehensive experience for both casual visitors and serious gamers.",356014735
Rogers Enterprises,Matteson,Illinois,Retail,126,File Sharing; Autonomous Intelligence and Agentic AI; Dropbox,"This jewelry retailer offers a wide range of products including rings, necklaces, earrings, bracelets, and watches, along with personalized jewelry services. They cater to a diverse clientele looking for engagement and wedding jewelry, gifts, and custom pieces. The company prides itself on providing financing options for significant purchases and an extensive selection of popular brands. Rogers and Hollands also supports community initiatives and emphasizes customer service through both online and in-store experiences.",353814916
Rose Acre Farms Inc.,Seymour,Indiana,Agriculture,2362,Amazon Web Services (AWS); Environmental Regulations,"Established in 1939 and headquartered in Seymour, Indiana, Rose Acre Farms provides eggs to local markets and grocery outlets.",91357912
Rose Paving LLC,Bridgeview,Illinois,Construction,400,Enterprise Contact Center; Digital Transformation; Endpoint Protection; Amazon Web Services (AWS); GitHub; Autonomous Intelligence and Agentic AI; Dropbox; Big Data Software; Generative AI,"Rose Paving Company leads in providing complete parking lot management solutions to commercial and industrial properties nationwide. Through strategic business units (SBUs), unique in the industry, Rose Paving is able to offer an expert approach to parking lot management for each situation or circumstance in a specific region. Rose Paving performs all services related to paving including asphalt patching and repair; asphalt resurfacing; advanced sealcoating; hot cracksealing; installation and repair of concrete curbs, walks and pads; storm sewer repair and installation; lot marking; and green paving solutions. Established in 1974, Rose Paving Company has three decades of leadership and an impressive, nationwide customer base. Rose Paving is a privately held company that maintains its corporate headquarters in Bridgeview, Illinois",91357921
Roundtable Healthcare Partners LP,Lake Forest,Illinois,Finance,25,Environmental Regulations; Compliance,We build leading healthcare companies of lasting value. RoundTable creates value by partnering with healthcare companies that can benefit from our extensive industry relationships and proven operating and transaction expertise. Core Values Investments Our Team,33259803
Royal Bank Inc.,Elroy,Wisconsin,Finance,150,,"At Royal Bank, the company's goal is to make every effort to help you achieve your dreams at every stage of your life. As your hometown bank, the company's strong and active commitment to the company's customers and the local community is a constant. The company is made up of a team of financial professionals dedicated to developing a personal relationship with you. When you bank with the company, you can look forward to friendly and courteous service, where you're greeted on a first-name basis with a smile. The company want to exceed your expectations by guaranteeing superior service at a bank you can trust. You work hard enough to earn your money every day; banking should be the easy part. When you bank with the company, you are the company's number one priority. The company promise to treat you and your account with the care and quality you deserve.",109986196
Royal Publishing Inc.,Peoria,Illinois,Media & Internet,114,,"Royal Publishing specializes in creating dynamic souvenir programs and publications for high school sports, theater productions, and community events. Founded in 1979, the company produces over 1,500 event programs annually, including regular season programs, tournament programs, and schedule posters. Their clientele includes individual schools and state high school associations across the United States, allowing them to provide services at the state championship level. Royal Publishing is dedicated to crafting immersive experiences that resonate with audiences and enhance the spirit of competition.",33325132
RWE Renewables Americas,,,,,,,
Salem Township Hospital,Salem,Illinois,Hospitals & Physicians Clinics,302,,"Salem Township Hospital is dedicated to providing excellent health care and promoting wellness in the Salem, Illinois community through compassionate care and personalized service. The hospital offers a wide range of services including emergency care, outpatient clinics, and specialty services such as cardiopulmonary rehabilitation and surgery. Their intended clients include local residents seeking comprehensive medical care and support. Additionally, the hospital emphasizes community outreach and education to enhance overall health and wellness.",83984694
Sarkes Tarzian Inc.,Bloomington,Indiana,Media & Internet,257,Docker,"Sarkes Tarzian Inc is a company that operates in the Media & Internet industry. It employs 250to499 people and has 50Mto100M of revenue. The company is headquartered in Bloomington, Indiana.",374925618
Schulze & Burch Biscuit Co,Chicago,Illinois,Manufacturing,499,Environmental Regulations,"Schulze & Burch is a privately held manufacturer of quality wholesome snacks. Our 85+ years of experience includes more than 45 years experience in contract manufacturing, and more than 40 years experience in private label. Our quality and food safety systems match the strictest of global standards and are independently verified. We have three facilities which can produce a variety of baked, formed, and blended products. Products we make: Bars - formed, baked, chewy and crunchy Filled products - toaster pastries and fruit bars Cookies and crackers - wire cut, laminated, extruded, or rotary molded Cereal and ingredients - blended, coated or bases about us / products & capabilities / our brands / contact us / private / site map",154222913
Schumann Printers Inc.,Fall River,Wisconsin,Business Services,82,,"Schumann Printers, Inc. is a family-owned commercial printing company that specializes in web offset printing and bindery services, offering innovative solutions to its clients. With over 60 years of experience, the company is dedicated to delivering high-quality publications, catalogs, and commercial printing. Their commitment to sustainability and exceptional customer service has established them as a trusted partner for various industries. Schumann Printers serves a diverse clientele, ensuring timely and reliable printing services tailored to meet the specific needs of their customers.",1122052199
Scotsman Industries Inc.,,,Manufacturing,68,,"Scotsman Industries, Inc. is the world's largest supplier of commercial ice machines with 6 manufacturing facilities, 10 major sales offices, 1,000 plus distributors, more than 5,000 service technicians and sales in over 100 countries.",1139734769
Scranton Gillette Communications,Arlington Heights,Illinois,Media & Internet,164,,"Scranton Gillette Communications is a fourth-generation family-owned business-to-business communications company, named by Folio magazine as one of the 40 fastest-growing companiesand an All Star in the magazine industry. With our depth of services and marketing expertise, supported by healthy investments in digital products, custom media opportunities and company-owned face-to-face events, SGC and our more than 100 employees continue to deliver award-winning products to our spectrum of audiences in addition to full-service marketing capabilities to our clients. Check out our current openings at site link below!",34210371
Seasons Hospice,Rosemont,Illinois,Hospitals & Physicians Clinics,579,,"Founded in 1997, Seasons Hospice & Palliative Care is a community-based organization that provides creative solutions that add quality to end-of-life care. They offer In-house 24/7 call center staffed with registered nurses, clinical programs i.e. Music Therapy, Pediatrics, Open Access, Namaste Care, and more. The company is headquartered in Rosemont, Illinois.",106840381
Seaton Corp.,Chicago,Illinois,Business Services,2087,,"TrueBlue is a workforce solutions company that connects people with job opportunities, providing tailored services to help businesses succeed across various industries. The company offers a range of staffing and recruitment solutions through its family of brands, including PeopleReady, PeopleScout, and Centerline, catering to both large enterprises and small businesses. With over three decades of experience, TrueBlue focuses on innovative technology and expertise to meet the needs of job seekers and employers alike. Additionally, they prioritize hiring veterans and assist with their transition from military to civilian careers.",62063412
Security Federal Bank,Aiken,South Carolina,Finance,258,Generative AI; Environmental Regulations; Autonomous Intelligence and Agentic AI,"Security Federal Corporation operates as the holding company for Security Federal Bank that provides various banking products and services. It accepts various deposit products, such as savings accounts, checking accounts, various money market accounts, fixed interest rate certificates, negotiated rate jumbo certificates of deposit, and individual retirement accounts. The company also originates commercial real estate loans, commercial business loans, and consumer loans, as well as mortgage loans to buy or refinance one-to-four family residential real estate; and construction loans on single-family residences, multi-family dwellings and projects, and commercial real estate. In addition, it provides loans for the acquisition, development, and construction of residential subdivisions and commercial projects. Further, the company offers trust, financial planning, and financial management services; and operates an insurance agency that offers auto, business, life, and home insurance products, as well as provides insurance premium finance. It operates through a network of 14 full service branch offices in Aiken, Ballentine, Clearwater, Columbia, Graniteville, Langley, Lexington, North Augusta, Wagener, and West Columbia, South Carolina, as well as a branch office in Columbia County, Evans, Georgia. The company was founded in 1922 and is headquartered in Aiken, South...",94601662
Security Federal Corp.,Aiken,South Carolina,Finance,258,Generative AI; Environmental Regulations; Autonomous Intelligence and Agentic AI,"Security Federal Corporation operates as the holding company for Security Federal Bank that provides various banking products and services. It accepts various deposit products, such as savings accounts, checking accounts, various money market accounts, fixed interest rate certificates, negotiated rate jumbo certificates of deposit, and individual retirement accounts. The company also originates commercial real estate loans, commercial business loans, and consumer loans, as well as mortgage loans to buy or refinance one-to-four family residential real estate; and construction loans on single-family residences, multi-family dwellings and projects, and commercial real estate. In addition, it provides loans for the acquisition, development, and construction of residential subdivisions and commercial projects. Further, the company offers trust, financial planning, and financial management services; and operates an insurance agency that offers auto, business, life, and home insurance products, as well as provides insurance premium finance. It operates through a network of 14 full service branch offices in Aiken, Ballentine, Clearwater, Columbia, Graniteville, Langley, Lexington, North Augusta, Wagener, and West Columbia, South Carolina, as well as a branch office in Columbia County, Evans, Georgia. The company was founded in 1922 and is headquartered in Aiken, South...",94601662
Security Federal Saving Bank,,,,,,,
Seek Careers/Staffing Inc.,Grafton,Wisconsin,Business Services,429,Environmental Regulations; Autonomous Intelligence and Agentic AI; Advanced Threat Protection (ATP),"SEEK Careers/Staffing, founded in 1971 and headquartered in Grafton, Wisconsin, provides talent acquisition services to job seekers throughout the greater Wisconsin and Twin Cities regions.",101369008
Segal Mccambridge Singer & Mahoney Ltd.,Chicago,Illinois,Law Firms & Legal Services,373,Disaster Recovery; Environmental Regulations,"Founded in 1986 and headquarterd in Chicago, Illinois, Segal McCambridge Singer & Mahoney is a law firm with several locations practicing in areas such as appellate, commercial, construction, environmental, insurance, labor and employment, liability, toxic tort and hazardous substances, transportation, and warranty practice.",60063963
Serigraph Inc.,West Bend,Wisconsin,Business Services,450,Cyber Intelligence; Generative AI; Environmental Regulations,"Serigraph is a full-service commercial printing shop. It offers services such as screen, offset and digital printing, UV, laminating, forming, precision die-cutting, and injection molding. The company also provides fulfillment, graphic design, information management, production, kit-packing, assembly, web ordering and installation. The company was founded in 1949 and is headquartered in West Bend, Wisconsin.",101777764
Server Central Network,Chicago,Illinois,Business Services,95,,"ServerCentral is a managed IT infrastructure solutions provider. Since 2000, leading technology, finance, healthcare, and e-commerce firms have chosen ServerCentral to design and manage their mission-critical IT infrastructure in data centers across North America, Europe, and Asia. Whether it's colocation, managed services, or a cloud, ServerCentral designs the optimal solution for each client.",107610515
Shoe Sensation Inc.,Jeffersonville,Indiana,Retail,2286,Cloud Computing; Cloud Storage; Generative AI; GitHub; Cloud Data; Amazon Web Services (AWS); Environmental Regulations; Enterprise Contact Center; Energy Storage; Enterprise Infrastructure; Advanced Threat Protection (ATP); Artificial Intelligence,"Founded in 1984, Shoe Sensation is a family-owned chain of shoe stores for women, children, men and athletic purposes under a variety of brand names.",102629753
Shrewsberry And Associates LLC,,,,,,,
Sigma Chi International,,,,,,,
Signature Bank NA,Toledo,Ohio,Finance,127,,"Signature Bank, N.A. is a commercial bank. They specializes in business checking, online banking, real estate loans, investment savings accounts, foreign currency, home improvement loans, etc. The company was founded in 2002 and is based in Toledo, Ohio.",108937400
Sintering Technologies Inc.,Greensburg,Indiana,Manufacturing,14,,"Sintering Technologies, Incorporated (STI) has been supplying the highest quality, technologically advanced powdered metal products in North America since 1989. STI's customers know they can rely on us to deliver the most innovative designs while maintaining stringent tolerance requirements. STI, while the dominant Valve Guide supplier in North America, also manufactures Valve Seats and Structural parts (timing pulleys, sprockets/VCT, and sensor plates) primarily for the automotive industry. The remainder of our product line supports motorcycle and lawn & garden applications. STI is owned by Hitachi Powdered Metals Co., LTD of Japan, the largest powdered-metal company in Asia. As our parent company, Hitachi supports all STI's North American operations with materials development, intricate tool design, and functional engine testing. This ensures STI abilities to meet rigorous demands of the market. As president of STI, I'm excited about the future of our company and the advances of powdered metallurgy that will continue to drive our company on the road of excellence.",107119056
Skender Construction,Chicago,Illinois,Construction,300,Environmental Regulations; Advanced Analytics; Digital Transformation; Autonomous Intelligence and Agentic AI; Compliance; Artificial Intelligence,"Skender is a full-service building contractor and one of the nation's top 100 construction firms, according to Building Design & Construction. We combine lean process with high-performing teams to deliver unmatched results and maximum value. Headquartered in Chicago with a satellite office in Indianapolis, Skender serves clients in the Midwest and across the country.",35144515
Skipper Buds of Illinois Inc.,Winthrop Harbor,Illinois,Retail,243,,"Established in 1959 and headquartered in Winthrop Harbor, Illinois, SkipperBud's sells both new and pre-owned boats and yachts as well as providing services such as rentals, servicing, parts, boat transportation, and more.",103776531
Skipper Marine Corp.,Winthrop Harbor,Illinois,Retail,243,,"Established in 1959 and headquartered in Winthrop Harbor, Illinois, SkipperBud's sells both new and pre-owned boats and yachts as well as providing services such as rentals, servicing, parts, boat transportation, and more.",103776531
Smile Obsession,Glenview,Illinois,Hospitals & Physicians Clinics,95,,"Smile Obsession is a general, family, cosmetic, and multi-specialty dental practice in Glenview IL servicing Glenview, Naperville, Wheaton, Morton Grove, Northbrook, Park Ridge, Lisle, Aurora, Downers Grove, Woodridge, Downers Grove, Lombard, Carol Stream, and other neighborhoods. Founded on the premise that dentistry can be beautiful and enjoyable the company delivers on that by providing a new kind of patient experience. With the feel of something more like the local spa than a medical facility, the company provides a warm, welcoming, and relaxing environment complete with the company's friendly staff who are here to help you achieve the best smile possible. Cosmetic and general dentistry has come a long way over the years thanks to advancements in science and technology. Using state-of-the art tools and combining them with the comforts of life, at Smile Obsession, the company is able to provide each patient with a relaxing dental experience like no other, no matter what dental service brings them to the company. Smile Obsession's team is made up of general dentists and dental specialists making it a full service dental practice.",479460896
Solarus,Wisconsin Rapids,Wisconsin,Telecommunications,131,Disaster Recovery; Cloud Computing; Cloud Storage; Backup & Recovery Software; End-to-End Encryption; Digital Transformation; Cloud Data; Capacity Planning; Enterprise Resource Planning; Environmental Regulations; Energy Storage; Advanced Analytics; Generative AI; Data Center Migration; Business Intelligence; Enterprise Contact Center; Fraud Protection; Autonomous Intelligence and Agentic AI; Compliance; Advanced Threat Protection (ATP); Enterprise Collaboration; Artificial Intelligence; Dropbox; Enterprise Infrastructure; Business Continuity,"Founded in 1896, Solarus provides flexible residential and business options for Internet, phone, and TV. The company is headquartered in Wisconsin Rapids, Wisconsin.",161136778
Soundarya Inc.,Murlipura,Rajasthan,Retail,15,,"Soundarya specializes in hypoallergenic and anti-tarnish jewelry, offering a range of products including necklaces, earrings, rings, and bracelets. The company targets clients looking for high-quality, everyday wear jewelry that is both elegant and affordable. They provide free delivery on orders above a certain amount and offer discounts for first-time purchases. Soundarya emphasizes customer satisfaction with personalized support and a warranty on their products.",1340587994
Southfield Corp.,,,,,,,
Southlake/Tri-City Management Corp.,Merrillville,Indiana,Organizations,282,,"Geminus provides social services to children and families in Indiana, focusing on early childhood education, family services, and preventative programs. The organization partners with community-based health care providers and social service organizations to ensure access to high-quality and affordable programs that promote whole-person care. Geminus aims to build resilient communities by addressing the needs of families and offering support through various family service programs. Additionally, they focus on mental health promotion and substance misuse prevention through evidence-based strategies and community coalitions.",15745748
Specialty Manufacturers Inc.,Carmel,Indiana,Manufacturing,16,,"Specialty Manufacturers, Inc. is a plastic injection molding company located in the Heartland of America. They offer expertise and capabilities in manufacturing, along with a range of equipment and services. The company serves clients in need of high-quality plastic products and tooling solutions. Their commitment to quality is reflected in their certifications and past publications.",98894211
Specialty Promotions Inc.,,,,,,,
Spg-Fcm Ventures LLC,,,,,,,
Spins,Chicago,Illinois,Business Services,400,Environmental Regulations; Generative AI; Databases; Autonomous Intelligence and Agentic AI; Amazon Web Services (AWS); Big Data Software,"SPINS analyzes shopper preferences in relation to product development by using point-of-sale data from conventional retail, eCommerce, and natural product channels, along with detailed product information. It converts product data into standardized attributes, allowing retailers, brands and partners to better understand the products they produce, stock and sell in relation to consumer behavior. These attributes support consistent communication and coordination across the broader market.",36012618
Spooner Health System Inc.,Spooner,Wisconsin,Hospitals & Physicians Clinics,124,,"Spooner Health is a critical access hospital located in Spooner, WI, dedicated to providing compassionate and comprehensive healthcare services to the local community. The hospital offers a wide range of services including emergency care, rehabilitation, diagnostic imaging, and various specialty treatments. With a patient-centered approach, Spooner Health emphasizes personalized care and strong communication between healthcare providers and patients. The organization is also committed to community engagement through health events and educational programs aimed at promoting wellness and preventive care.",36045455
Springfield Electric,Springfield,Illinois,Retail,350,,"Springfield Electric Supply, established in 1912 and headquartered in Springfield, Illinois, is an electrical supply and residential lighting company.",90276446
SSIMED,Chicago,Illinois,Finance,11,App Analytics Companies,"SE Capital Partners, LLC is an investment firm that focuses on identifying and managing investment opportunities. The company employs a strategic approach to investment criteria, ensuring that they align with their portfolio goals. They cater to a diverse range of clients looking for expert guidance in capital investment. SE Capital also showcases its expertise through various case studies that highlight successful investments.",45253299
St Joseph Regional Medical Center,Lewiston,Idaho,Hospitals & Physicians Clinics,576,End-to-End Encryption; Generative AI; Environmental Regulations; Application Performance; Autonomous Intelligence and Agentic AI; Enterprise Infrastructure; Artificial Intelligence; Big Data Software,"St. Joseph Regional Medical Center, located in Lewiston, Idaho, is a full-service regional medical center between Boise and Spokane and specializes in providing specialty healthcare.",136364178
St. Camillus Health System Inc.,Wauwatosa,Wisconsin,Healthcare Services,497,,"St. Camillus A Life Plan Community is a non-profit organization located in Milwaukee, WI, dedicated to providing a range of senior care services including Independent Living, Assisted Living, Memory Care, Skilled Nursing, and Home & Community Based Services. With over a century of experience, the community focuses on enriching the lives of seniors through mission-driven care and exceptional service. The campus features beautifully designed residences and offers a variety of wellness, culinary, and spiritual programs to enhance the quality of life for its residents. St. Camillus aims to provide peace of mind, security, and support for seniors as they navigate their aging journey.",79905994
St. Margaret's Hospital,Spring Valley,Illinois,Hospitals & Physicians Clinics,645,,"Founded in 1903, St. Margaret's Hospital is a Catholic healthcare organization that services residents in the Illinois Valley. The company is based in Spring Valley, Illinois.",36307356
STATS LLC,Chicago,Illinois,Media & Internet,97,,"STATS is the world's leading sports data and technology company. From data feeds to content and athlete monitoring, STATS has solutions for pro teams and sports media companies!",1107049184
Steinhafels Inc.,Kenosha,Wisconsin,Retail,665,Generative AI,"Established in 1934, Steinhafels, Inc. specializes in the retail sale of household furniture. The company is located in Brookfield, Wisconsin.",108052682
Sterling Fluid Systems (usa) LLC,,,,,,,
Stevens Construction,Madison,Wisconsin,Construction,269,Environmental Regulations; Autonomous Intelligence and Agentic AI,"Stevens Construction Corp. serves an array of clients in industries and markets that include commercial/office, multi-family residential, hospitality, financial, restaurant/food service and recreational facilities, such as water parks. The company was founded in 1952 and is headquartered in Madison, Wisconsin.",100860164
Stevenson Crane Service,Bolingbrook,Illinois,Construction,202,App Analytics Companies; Environmental Regulations; Energy Storage; Autonomous Intelligence and Agentic AI,"Stevenson Crane Service, Inc. is a leading provider of crane and aerial lift rentals, sales, and services, operating nationwide with a strong presence in Chicago and the surrounding areas. The company specializes in rigging, heavy haul transport, and machinery moving, catering to the construction, industrial, mechanical, and manufacturing sectors. With over twenty years of expertise, Stevenson Crane ensures safe and efficient project execution tailored to the unique challenges of each job. Their commitment to customer satisfaction is reflected in their comprehensive service offerings and dedicated support throughout the project lifecycle.",112033942
Stone Belt Arc Inc.,Columbus,Indiana,Organizations,408,End-to-End Encryption; Autonomous Intelligence and Agentic AI,"Stone Belt Arc is a not for profit organization that offers programs and services to disabled and handicapped individuals. Their programs include construction of homes for disabled citizens; job placement assistance and job training; manufacturing services that focuses on light assembly work, product packaging, mailing, psychological assessments and behavioral support plan. Founded in 1958, Stone Belt is headquartered in Bloomington, IN.",91701934
Strategic Hotel Capital L.L.C.,,,,,,,
Streamline,,,,,,,
Strive Group LLC,Anchorage,Alaska,Business Services,464,,The STRIVE Group enables ideas - investing in the intentional journey of leadership discovery - sharing openly to accelerate and inspire change. The STRIVE Group enables ideas - investing in the intentional journey of leadership discovery - sharing openly to accelerate and inspire change. The STRIVE Group enables ideas - investing in the intentional journey of leadership discovery - sharing openly to accelerate and inspire change.,400822216
Strive Logistics,Chicago,Illinois,Transportation,322,,"Strive Logistics, LLC provides third-party transportation logistics services. The company offers dry van, temperature-controlled, flatbed, less-than-truckload, intermodal, drayage, rail, air, international, and ocean transportation services, as well as freight brokerage, freight management, and enterprise services. Strive Logistics, LLC was formerly known as World Distribution Group. The company was founded in 1995 and is based in Chicago, Illinois with an additional location in Austin, Texas.",366156806
Sumitomo Electric Wiring Systems Inc.,Bowling Green,Kentucky,Manufacturing,2630,Cloud Backup & Recovery; Generative AI; Fraud Protection; Enterprise Resource Planning; Environmental Regulations; Energy Storage; Autonomous Intelligence and Agentic AI; Enterprise Infrastructure; Artificial Intelligence,"Founded in 1986, Sumitomo Electric Wiring Systems is a company that manufacturers electric wire and optical fiber cables. Sumitomo Electric Wiring Systems is located in Kentucky.",454517486
Superior Bulk Logistics Inc.,Oak Brook,Illinois,Transportation,1934,,"Superior Bulk Logistics, headquartered in Oak Brook, Illinois, is a provider of bulk truck and trans-loading services for both food grade and chemical products.",115769541
Superior Oil Company Inc.,Indianapolis,Indiana,Retail,300,,"Superior Oil Company is a family owned company located in Phoenixville, PA servicing Southeastern Pennsylvania including Chester, Berks and part of Lancaster counties. The company's employees' commitment to serve the company's community has made the company a contender in the energy business. Now the company need your energy to help the company continue to deliver the high level of satisfaction and service that the company's customers expect and deserve! Superior Oil Company is currently seeking SeasonalDelivery Drivers for the upcoming heating season and to be the primary point of contact with the company's customers. The company is seeking experienced and professional drivers who can provide safe, reliable, prompt, and courteous delivery of heating oil and propane gas to residential and commercial accounts. If you are a responsible, dedicated individual with outstanding driving and people skills with the ability to thrive in a fast-paced environment then the company would like to hear from you! The ideal candidate will possess the following: HS Diploma or equivalent CDL class A or B w/clean driving record. Hazmat, tanker, and air brakes endorsements required Ability to lift heavy objects Ability to work outside in varying weather/driving conditions Ability to work a flexible schedule with after hours emergency call-outs Ability to communicate clearly and effectively to convey information to new and existing customers Excellent customer service skills Desire to succeed in a team environment Prior propane gas delivery and heating oil experience preferred Please email resume to jwilcox@superioroilcompany.com Comments are closed.",556106714
SV Ventures,,,,,,,
Tct Ministries Inc.,Marion,Illinois,Media & Internet,112,,"TCT Ministries offers a variety of Christian programming, including live broadcasts, interviews, and educational content aimed at encouraging and informing believers. Their shows, such as 'Ask the Pastor' and 'Frankly Speaking', provide biblical perspectives on current events and personal inquiries. The ministry targets a diverse audience of Christians seeking spiritual growth and community engagement through various media platforms. Additionally, TCT Ministries collaborates with other ministries to extend their reach and impact in the Christian community.",406836159
Tech Credit Union,Crown Point,Indiana,Finance,141,Backup & Recovery Software; Environmental Regulations; Autonomous Intelligence and Agentic AI,"Tech Credit Union operates branches in Northwest Indiana and the South Chicago Suburbs, providing a range of personal and business banking services. Their offerings include various deposit accounts, loans, and financial management tools. The credit union aims to serve both individual and corporate clients with a focus on local roots and trusted service. Tech Credit Union emphasizes community engagement and financial health for its members.",344635824
The B F Shaw Printing Company,Crystal Lake,Illinois,Media & Internet,304,Fraud Protection; Environmental Regulations; Compliance,"Founded in 1851 and headquartered in Crystal Lake, Illinois, Shaw Media is a company that provides newspaper covering current happenings within the respective area.",345997818
The Collins Group,,,,,,,
The Farmers Bancorp Frankfort Indiana,Frankfort,Indiana,Finance,163,Enterprise Contact Center; Environmental Regulations; Big Data Software,"The Farmers Bank is a locally owned and operated financial institution with 11 banking offices in Central Indiana. They offer a wide range of services including retail banking, business loans, trust and asset management, investment services, mortgage options, and electronic banking. Their intended clients include individuals seeking personal banking solutions, businesses requiring financial support, and those interested in investment and trust services. The bank emphasizes community involvement and customer support throughout their services.",63310603
The H Group B B T Inc.,West Frankfort,Illinois,Business Services,4,,"The H Group B B T Inc is a company that operates in the Information & Document Management industry. It employs 1to4 people and has under500K of revenue. The company is headquartered in West Frankfort, Illinois.",1279928532
The Lutheran Home Inc.,,,,,,,
The Maschhoffs,Carlyle,Illinois,Agriculture,1223,Environmental Regulations; Artificial Intelligence,"Established in 1851, The Maschhoffs is a pork production company. They are headquartered in Carlyle, Illinois.",31737167
The Morgridge Institute For Research Inc.,Madison,Wisconsin,Business Services,262,Generative AI; Environmental Regulations; Autonomous Intelligence and Agentic AI; Artificial Intelligence,"As an independent research organization, the Morgridge Institute for Research explores uncharted scientific territory to discover tomorrow's cures. In affiliation with the University of Wisconsin-Madison, the company supports researchers who take a fearless approach to advancing human health in emerging fields such as regenerative biology, metabolism, virology and medical engineering. Through public programming, the company works to inspire scientific curiosity in everyday life.",352384388
The Onion,Chicago,Illinois,Media & Internet,155,Generative AI; Environmental Regulations,"The Onion is a satirical news organization that provides humorous takes on current events, politics, entertainment, and sports. It aims to entertain a wide audience with its unique brand of comedy and commentary on societal issues. The company also offers a membership option for readers who wish to support its work and access exclusive content. Additionally, The Onion operates an online store where fans can purchase merchandise related to its brand.",76367231
The Papers Inc.,,,,,,,
The Room Place,Lombard,Illinois,Retail,568,Autonomous Intelligence and Agentic AI,"The RoomPlace is a Midwest's furniture retailer. The company was founded in 1912 and is headquartered in Lombard, Illinois.",245432715
The Villages of Indiana Inc.,Bloomington,Indiana,Organizations,360,,"The Villages of Indiana is a nonprofit organization dedicated to providing foster care, adoption services, and support for families in need. They offer a range of programs including Healthy Families, Kinship Care, and telehealth services aimed at nurturing children and strengthening families. Their intended clients include children in foster care, new parents, and families facing challenges such as diaper need. The organization also engages in community outreach and volunteer opportunities to further support their mission.",344886856
The Young Men's Christian Association of Appleton,Appleton,Wisconsin,Organizations,8,,"Young Men's Christian Association of the Fox Cities Inc is a company that operates in the Membership Organizations industry. It employs 5to9 people and has 10Mto25M of revenue. The company is headquartered in Appleton, Wisconsin.",1270749711
Thermotron Industries,Holland,Michigan,Manufacturing,350,,Thermotron develops and refines environmental testing solutions that set industry standards. Their range of products cover a multitude of environmental stresses that are capable of simulating single or multiple environmental use conditions in a variety of testing programs.,38126283
Thouvenot Wade & Moerchen Inc.,Swansea,Illinois,Construction,104,Digital Transformation; Generative AI,"TWM provides Civil, Structural & Rail Engineering, Land Surveying and other Geospatial Services to the St. Louis metropolitan area, as well as throughout Illinois, Missouri and beyond. With over 70 years of consulting experience, TWM has developed expertise with a broad range of projects, including: commercial, industrial, institutional and residential site design, roadways, railways, bridges, water, wastewater, municipal, and GIS.",56967867
Thunderbird LLC,Oak Brook,Illinois,Holding Companies & Conglomerates,434,Digital Transformation; Generative AI,"Thunderbird LLC specializes in acquiring and investing in American companies to foster long-term growth and success. The company employs a strategic business model that emphasizes active management and continuous improvement, enabling its partner companies to reach their full potential. With a commitment to excellence, teamwork, and innovation, Thunderbird empowers its family of companies to thrive in competitive markets. By investing its own resources, Thunderbird ensures that its companies are not just numbers in a portfolio but are positioned for meaningful development and success.",365483124
Tipmont Remc,Linden,Indiana,"Energy, Utilities & Waste",115,Autonomous Intelligence and Agentic AI,"Tipmont is a Rural Electric Membership Cooperative serving eight counties around Lafayette and Crawfordsville, Indiana, providing reliable electric and internet services. The company focuses on empowering communities through energy-efficient solutions, in-home energy assessments, and fiber internet expansion. Their intended clients include residential and business customers seeking dependable utility services and community support. Tipmont is committed to high customer satisfaction and actively engages in community development initiatives.",38355497
TMK IPSCO,Houston,Texas,Manufacturing,1638,,"Founded in 2008, TMK IPSCO is an american producer of welded and seamless pipe connections. TMK IPSCO offers threading, field and testing services along with their tubular products. TMK IPSCO is headquartered out of Houston, Texas.",70275006
Town Financial Corp.,Des Moines,Iowa,Finance,16,Fraud Protection; Environmental Regulations,"Town Financial Corp has been providing personal loans to the Des Moines area since 1964, specializing in loans up to $5,000 and above for various needs. The company caters to clients with less-than-perfect credit, offering flexible terms, convenient due dates, and affordable monthly payments. With two locations in Des Moines, applications can be submitted over the phone, in person, or online, often yielding results in as little as one hour. Town Financial is recognized for its reliability and trustworthiness, having served the community for over 50 years.",140820634
TransCorr LLC,,,,,,,
Transparent Dental Group,Oakbrook Terrace,Illinois,Hospitals & Physicians Clinics,18,,"Transparent Dental Group LLC is a company that operates in the Dental Offices industry. It employs 10to19 people and has 500Kto1M of revenue. The company is headquartered in Oakbrook Terrace, Illinois.",1330433052
TRD Manufacturing,University Park,Illinois,Manufacturing,340,Enterprise Contact Center,"Bimba, headquartered in University Park, Illinois, is a manufacturer of pneumatic, hydraulic, electric and vacuum motion solutions.",4719046
TricorBraun,St. Louis,Missouri,Manufacturing,2000,Cloud Computing; Application Performance; Enterprise Resource Planning; Environmental Regulations; Database Solutions; Advanced Threat Protection (ATP); Capacity Planning; Enterprise Infrastructure; Digital Transformation; Big Data Software; Energy Storage; Compliance,"TricorBraun is a global packaging solutions company that specializes in helping brands navigate the complexities of packaging procurement, design, supply chain management, and sustainability. Serving a diverse range of industries, including healthcare, food and beverage, personal care, home care, animal health, and alcoholic beverages, the company partners with businesses of all sizes, from emerging brands to established market leaders. Its customer-centric approach focuses on delivering tailored packaging solutions that align with each clients operational, budgetary, and brand objectives.",288522377
Truth Publishing Company Inc.,,,,,,,
Uhlich Children's Advantage Network,Chicago,Illinois,Organizations,393,Environmental Regulations,"Founded in 1869 and headquartered in Chicago, Illinois, UCAN provides social services to youth who have suffered trauma. The organization provides programs for preventing violence, healing trauma, building strong families, and education support.",108249408
Union Bancorporation,Salt Lake City,Utah,Organizations,5,,"Union Bancorporation is a company that operates in the Membership Organizations industry. It employs 5to9 people and has 1Mto5M of revenue. The company is headquartered in Salt Lake City, Utah.",1221411934
Union League Club of Chicago,Chicago,Illinois,Organizations,84,,"Union League Club of Chicago is a company that operates in the Membership Organizations industry. It employs 50to99 people and has 5Mto10M of revenue. The company is headquartered in Chicago, Illinois.",1267964275
Uniper Global Commodities North America LLC,Duesseldorf,North Rhine-Westphalia,"Energy, Utilities & Waste",6770,Data Center Migration; Flash Storage; Autonomous Intelligence and Agentic AI; Artificial Intelligence; Energy Storage,"Headquartered Duesseldorf, Germany, Uniper SE operates as an international energy company. The Company owns and manages a portfolio of power plants located across Europe and Russia, as well as focuses on commodity trading business, such as power, emission certificates, natural gas, liquefied natural gas, coal, and freight. Uniper also operates power and gas storage facilities.",373135330
United Leasing,,,,,,,
UNITED SCRAP METAL,Cicero,Illinois,"Energy, Utilities & Waste",550,Generative AI; Amazon Web Services (AWS); Autonomous Intelligence and Agentic AI,"Founded in 1978, United Scrap Metal is one of the largest & fastest-growing, privately held, providers of innovative recycling solutions in the country. United Scrap Metal is headquartered in Cicero, Illinois.",75350642
United Way of Central Indiana Inc.,Indianapolis,Indiana,Organizations,121,Enterprise Resource Planning; Business Intelligence,"United Way of Central Indiana is a community development organization dedicated to designing, supporting, and growing systems that accelerate financial stability and upward mobility for individuals and families living in or near poverty throughout the Central Indiana region. The organization partners with community stakeholders to create pathways toward economic well-being and improved quality of life, with a particular focus on addressing systemic barriers that disproportionately affect vulnerable populations. United Way of Central Indiana recognizes that racism and ethnic discriminationboth implicit and explicitpresent significant obstacles to economic opportunity and community thriving, and the organization is committed to actively opposing these barriers through its programs, advocacy, and community engagement efforts. The organization leverages its resources, influence, and convening power to advance racial and ethnic equity across Central Indiana, working to amplify the voices of all community members while demonstrating respect and fostering inclusive dialogue. United Way of Central Indiana believes that sustainable community progress requires embedding diversity and inclusion throughout its operations and initiatives, and the organization strives to maximize impact by creating an environment where the unique perspectives and creativity of individuals drive innovation in addressing poverty and inequality. While acknowledging that perfection is not achievable, United Way of Central Indiana remains committed to accelerating measurable progress toward equitable outcomes for children, individuals, and families across the region. The organization's approach centers on listening, learning, and collaborative problem-solving with community partners and residents, positioning itself as an active leader in building a Central Indiana community where all neighbors care for one another and residents of all backgrounds have genuine opportunities to achieve economic stability and upward mobility.",149487625
Urschel Laboratories Inc.,Chesterton,Indiana,Manufacturing,361,Generative AI; Energy Storage; Autonomous Intelligence and Agentic AI,"Founded in 1910, Urschel Laboratories designs manufactures and sells precision food cutting solutions such as commercial potato chip slicers, high capacity cheese shredders, and dicers for fruit and vegetables. Urschel Laboratories is headquartered in Chesterton, Indiana.",40108257
USA Clean,,,,,,,
Valeo,Paris,Ile-de-France,Manufacturing,106100,App Analytics Companies; Cloud Storage; End-to-End Encryption; Generative AI; Application Performance; Fraud Protection; GitHub; Cloud Computing; Cloud Data; File Sharing; Environmental Regulations; Database Solutions; Advanced Analytics; Enterprise Contact Center; Databases; Autonomous Intelligence and Agentic AI; Amazon Web Services (AWS); Encryption; Artificial Intelligence; Dropbox; Docker; Energy Storage; Big Data Software; Enterprise Infrastructure,"Founded in 1923, Valeo is an automotive supplier and partner to automakers worldwide. They are also a technology company that designs innovative solutions for smart mobility, with a particular focus on intuitive driving and reducing CO2 emissions. The Group also provides and distributes spare parts for automakers and independent aftermarket operators. The company is headquartered in Paris, France.",40566862
Valeo Climate Control,Paris,Ile-de-France,Manufacturing,106100,App Analytics Companies; Cloud Storage; End-to-End Encryption; Generative AI; Application Performance; Fraud Protection; GitHub; Cloud Computing; Cloud Data; File Sharing; Environmental Regulations; Database Solutions; Advanced Analytics; Enterprise Contact Center; Databases; Autonomous Intelligence and Agentic AI; Amazon Web Services (AWS); Encryption; Artificial Intelligence; Dropbox; Docker; Energy Storage; Big Data Software; Enterprise Infrastructure,"Founded in 1923, Valeo is an automotive supplier and partner to automakers worldwide. They are also a technology company that designs innovative solutions for smart mobility, with a particular focus on intuitive driving and reducing CO2 emissions. The Group also provides and distributes spare parts for automakers and independent aftermarket operators. The company is headquartered in Paris, France.",40566862
Valeo Climate Control Corp.,Paris,Ile-de-France,Manufacturing,106100,App Analytics Companies; Cloud Storage; End-to-End Encryption; Generative AI; Application Performance; Fraud Protection; GitHub; Cloud Computing; Cloud Data; File Sharing; Environmental Regulations; Database Solutions; Advanced Analytics; Enterprise Contact Center; Databases; Autonomous Intelligence and Agentic AI; Amazon Web Services (AWS); Encryption; Artificial Intelligence; Dropbox; Docker; Energy Storage; Big Data Software; Enterprise Infrastructure,"Founded in 1923, Valeo is an automotive supplier and partner to automakers worldwide. They are also a technology company that designs innovative solutions for smart mobility, with a particular focus on intuitive driving and reducing CO2 emissions. The Group also provides and distributes spare parts for automakers and independent aftermarket operators. The company is headquartered in Paris, France.",40566862
Valeo Electrical Systems Inc.,Paris,Ile-de-France,Manufacturing,106100,App Analytics Companies; Cloud Storage; End-to-End Encryption; Generative AI; Application Performance; Fraud Protection; GitHub; Cloud Computing; Cloud Data; File Sharing; Environmental Regulations; Database Solutions; Advanced Analytics; Enterprise Contact Center; Databases; Autonomous Intelligence and Agentic AI; Amazon Web Services (AWS); Encryption; Artificial Intelligence; Dropbox; Docker; Energy Storage; Big Data Software; Enterprise Infrastructure,"Founded in 1923, Valeo is an automotive supplier and partner to automakers worldwide. They are also a technology company that designs innovative solutions for smart mobility, with a particular focus on intuitive driving and reducing CO2 emissions. The Group also provides and distributes spare parts for automakers and independent aftermarket operators. The company is headquartered in Paris, France.",40566862
Valeo Inc.,Paris,Ile-de-France,Manufacturing,106100,App Analytics Companies; Cloud Storage; End-to-End Encryption; Generative AI; Application Performance; Fraud Protection; GitHub; Cloud Computing; Cloud Data; File Sharing; Environmental Regulations; Database Solutions; Advanced Analytics; Enterprise Contact Center; Databases; Autonomous Intelligence and Agentic AI; Amazon Web Services (AWS); Encryption; Artificial Intelligence; Dropbox; Docker; Energy Storage; Big Data Software; Enterprise Infrastructure,"Founded in 1923, Valeo is an automotive supplier and partner to automakers worldwide. They are also a technology company that designs innovative solutions for smart mobility, with a particular focus on intuitive driving and reducing CO2 emissions. The Group also provides and distributes spare parts for automakers and independent aftermarket operators. The company is headquartered in Paris, France.",40566862
Valeo Sylvania,Seymour,Indiana,Manufacturing,9,Amazon Web Services (AWS),"Valeo Sylvania is a company that operates in the Household Goods industry. It employs 5to9 people and has 1Mto5M of revenue. The company is headquartered in Seymour, Indiana.",1116070105
Valeo Wiper Systems,Paris,Ile-de-France,Manufacturing,106100,App Analytics Companies; Cloud Storage; End-to-End Encryption; Generative AI; Application Performance; Fraud Protection; GitHub; Cloud Computing; Cloud Data; File Sharing; Environmental Regulations; Database Solutions; Advanced Analytics; Enterprise Contact Center; Databases; Autonomous Intelligence and Agentic AI; Amazon Web Services (AWS); Encryption; Artificial Intelligence; Dropbox; Docker; Energy Storage; Big Data Software; Enterprise Infrastructure,"Founded in 1923, Valeo is an automotive supplier and partner to automakers worldwide. They are also a technology company that designs innovative solutions for smart mobility, with a particular focus on intuitive driving and reducing CO2 emissions. The Group also provides and distributes spare parts for automakers and independent aftermarket operators. The company is headquartered in Paris, France.",40566862
Valuation Research,Chicago,Illinois,Business Services,300,Generative AI; Environmental Regulations; Autonomous Intelligence and Agentic AI; Advanced Threat Protection (ATP),"Valuation Research Corporation (VRC) is a full-service, independent, global valuation firm focusing exclusively on valuations and advisory services.",40584280
Van Rooy Properties Inc.,Indianapolis,Indiana,Real Estate,142,,"Van Rooy Properties, based in Indianapolis, specializes in property management, real estate development, and restoration services, providing comprehensive property and apartment management across Indiana and the Midwest. The company is committed to historic restoration and enhancing underperforming assets, which positively influences local communities. With over 45 years of experience, they have successfully managed more than 10,000 units and 70 buildings. Their approach centers on culture, attention to detail, and achieving results, making them a recognized leader in the industry.",111428554
Venturedyne Ltd.,Pewaukee,Wisconsin,Holding Companies & Conglomerates,592,,"Venturedyne Ltd provides environmental testing services. The Company offers test system integration, screening, simulation equipment, magnetic separators, sweepers, and dust collector systems. As a holding company, Venturedyne owns and manages Thermorton, Boyd Power Press, Carnes, Scientific Dust Collectors, dings, Climet, and Advanced Detection Systems",353932647
Veralto,Waltham,Massachusetts,Manufacturing,17000,Environmental Regulations; Energy Storage; Autonomous Intelligence and Agentic AI,"Veralto is a global industrial technology company (spun out of Danaher in 2023) focused on water quality and product quality. Through brands such as Hach, Trojan Technologies, ChemTreat, Esko, and Videojet, it provides instruments, analyzers, sensors, software, and services used to test and treat water and wastewater, and to enable marking, coding, color management, and packaging integrity across food, beverage, pharma, and other industries.",566162553
Vernon Memorial Healthcare Company,Viroqua,Wisconsin,Hospitals & Physicians Clinics,555,File Sharing; Energy Storage; Compliance; Dropbox,"Vernon Memorial Healthcare provides personalized care and advanced medical services to support the health and well-being of the community in Wisconsin. Their extensive range of services includes emergency care, specialty services, rehabilitation, and education classes. The intended clients are individuals seeking comprehensive healthcare solutions, including families and children. The organization emphasizes quality care and community involvement, ensuring exceptional healthcare is accessible close to home.",40780882
Vhc Inc.,,,,,,,
Virent Energy,,,,,,,
Vna Home Health Inc.,,,,,,,
Vortex Optics,Barneveld,Wisconsin,Manufacturing,292,Autonomous Intelligence and Agentic AI; Compliance,"Vortex Optics, founded in 2004 and headquartered in Barneveld, Wisconsin, is a manufacturer of optical equipment for hunting, bird watching, outdoor recreational sports, and law enforcement.",128270748
Wabash General Hospital,Mount Carmel,Illinois,Hospitals & Physicians Clinics,315,All Flash Array,"Wabash General Hospital provides high-quality, compassionate, and cost-effective healthcare services to the residents of Wabash County and surrounding communities. Their extensive range of services includes primary care, surgical services, orthopaedics, and various specialized medical treatments. The hospital is dedicated to enhancing the quality of life for all generations and aims to be the healthcare destination of choice for the community. With a commitment to patient-centered care, Wabash General Hospital emphasizes collaboration with local businesses and organizations to improve community health.",41272086
Walker Information Inc.,Indianapolis,Indiana,Business Services,120,,"Walker is a consulting firm specializing in B-to-B customer experiences. Helping businesses for 75 years, Walkers diverse team of consultants provides tailored, comprehensive solutions to help companies achieve their business objectives and grow shareholder value. Walker specializes in customer retention and growth, using predictive analytics and other innovative approaches. Walker works with some of the worlds most influential businesses as well as emerging organizations of all sizes. For more information, please visit www.walkerinfo.com.",128647303
Waterfurnace International,Fort Wayne,Indiana,Manufacturing,285,Generative AI; Fraud Protection; Endpoint Protection; Environmental Regulations; Data Center Migration; Autonomous Intelligence and Agentic AI; Advanced Threat Protection (ATP),"WaterFurnace International, Inc. is a geothermal company. It offers home heating and cooling and water heating. The company was established in 1983 and is headquartered in Fort Wayne, Indiana.",122191945
Watertown Regional Medical Center,Watertown,Wisconsin,Hospitals & Physicians Clinics,444,Digital Transformation; Generative AI; Environmental Regulations; Flash Storage,"Watertown Regional Medical Center is located in Watertown, Wisconsin. Watertown Regional Medical Center operates a regional health system that provides primary and specialty healthcare, wellness, and disease prevention services.",96354372
Wausau Paper Corp.,Mosinee,Wisconsin,Manufacturing,750,,"Wausau Paper provides exceptional service, at every level, to satisfy our customers. From sales to customer service, we commit ourselves not only to providing the right products, but delivering on time and shipping with methods that reduce our impact on the environment. Our sales and customer service personnel provide service tailored to meet customer's needs.",41550324
Wcn Bancorp Inc.,,,,,,,
Wea Insurance Corp.,Madison,Wisconsin,Insurance,336,Enterprise Resource Planning; Advanced Analytics; Compliance; Encryption; Artificial Intelligence; Disaster Recovery; Business Continuity; Digital Transformation,WEA Trust offers long-term care and life insurance services primarily aimed at individuals who have served in the education sector in Wisconsin. The company provides resources and support for navigating insurance claims and understanding policy benefits. Their mission is to ensure peace of mind for educators and their families regarding long-term care and life insurance needs. WEA Trust also engages in community support through initiatives like the Educator Grant Program.,41599257
Wea Trust,Madison,Wisconsin,Insurance,336,Enterprise Resource Planning; Advanced Analytics; Compliance; Encryption; Artificial Intelligence; Disaster Recovery; Business Continuity; Digital Transformation,WEA Trust offers long-term care and life insurance services primarily aimed at individuals who have served in the education sector in Wisconsin. The company provides resources and support for navigating insurance claims and understanding policy benefits. Their mission is to ensure peace of mind for educators and their families regarding long-term care and life insurance needs. WEA Trust also engages in community support through initiatives like the Educator Grant Program.,41599257
Westminster Village West Lafayette Inc.,West Lafayette,Indiana,Healthcare Services,266,App Analytics Companies; Amazon Web Services (AWS),"Westminster Village is a Life Plan Community located in West Lafayette, Indiana, offering a full range of senior living options, including Independent Living, Assisted Living, Skilled Nursing, and Memory Care. Designed with modern amenities and a commitment to wellness, it provides residents with a vibrant lifestyle enhanced by community and social activities. As a non-profit organization, the village prioritizes residents' well-being, providing financial assistance to those in need and ensuring that all profits benefit the community. Situated near Purdue University, Westminster Village fosters connections among residents and actively participates in local charitable initiatives.",130793860
Westshore Companies Inc.,Gallatin,Missouri,Business Services,22,,"Westshore Companies Inc is a company that operates in the Information & Document Management industry. It employs 20to49 people and has 1Mto5M of revenue. The company is headquartered in Gallatin, Missouri.",1125868575
Whiteco Industries Inc.,,,,,,,
White's Residential and Family Services Inc.,Wabash,Indiana,Organizations,290,App Analytics Companies,"For over 170 years, Josiah White’s Home has been dedicated to assisting families in crisis and transition through a comprehensive continuum of services, including foster care, residential treatment, and family preservation programs. The organization offers specialized programs such as Substance Use Recovery, Sexually Harmful Behavior Recovery, and a Behavioral Treatment Program for youth. Josiah White’s is committed to supporting and training foster families, ensuring they are never alone in their challenges. Their mission is to provide hope and transformation through Christ to children, teens, and families.",562350828
Whitewater Bancorp Inc.,Whitewater,Wisconsin,Insurance,54,,Browse below to see what our clients have to say about us. My wife and I have used Banco Insurance and Kaseys help for many years. Kasey has always been a great help and never tried to push more coverage on things or amounts she thought we really did not need. Companies we are proud to represent!,9800664
Wight & Company,Chicago,Illinois,Construction,166,Digital Transformation; Environmental Regulations; Autonomous Intelligence and Agentic AI,"Wight & Company is an integrated design and delivery firm focused on transforming environments to enhance guest experiences and support community needs. They specialize in innovative engineering and design solutions for various sectors, including education, mental health care, and economic development. Their intended clients include educational institutions, government agencies, and organizations seeking sustainable and secure facilities. With a commitment to building a better world, they aim to deliver unprecedented savings in cost and time through their collaborative approach.",42156556
Wild Blue Technologies,De Pere,Wisconsin,Business Services,89,Data Center Migration,"Wild Blue Technologies is a premier experiential design agency that specializes in brand strategy, category innovation, branded environments, and virtual experiences. They focus on creating innovative solutions that drive brand growth and expand market categories by leveraging consumer behavior insights and emerging technologies. Their services include retail brand strategy, innovation centers, and brand activations, supported by in-house fabrication and installation teams. Wild Blue aims to enhance customer relationships and boost brand presence through strategic ingenuity and accountability.",353928704
Winfertility Inc.,Greenwich,Connecticut,Hospitals & Physicians Clinics,126,Enterprise Contact Center; Generative AI; Environmental Regulations,"For more than 20 years, WINFertility has been managing family-building benefits that are delivered with care and support by the highest quality providers. WIN is the largest, most experienced fertility benefit management company in the country. It offers inclusive family-building solutions to organizations, health plans, and individual patients. From integrated fertility management, including medical treatment, pharmacy, and reproductive genetics, to surrogacy and adoption, WINs mission is to help build families by providing access to the best network of doctors, technology, and emotional support at the lowest cost. WINs managed fertility programs include an integrated medical and pharmaceutical model that is unique to the industry. Its dedicated nurse care managers, all with experience in reproductive endocrinology clinics, guide employees through every step of their fertility journey and are available 24/7. WIN is focused on improving clinical outcomes for patients. This means safer pregnancies, reduced healthcare costs, and the best use of employee benefit dollars. WINs managed solutions are flexible and can be delivered using the WIN network or fully integrated with an organizations chosen insurance carrier and PBM. All programs can be implemented at any time during the benefit renewal cycle.",347568309
Winona Foods Inc.,Green Bay,Wisconsin,Manufacturing,266,,"Long before we opened our doors in 1995, Winona Foods was built on a cheese-making heritage. The managing partners at Winona Foods began their journey working at family-owned cheese companies, where they learned the art of cheese making and the pride of quality and customer service. Since then, Winona Foods has expanded its focus in the areas of food-service, industrial ingredients, retail and co-packing industries. Our dedication to providing the highest quality portfolio of products, a dedicated customer service team and exceeding industry standards, makes Winona Foods a leading manufacturer in the industry. Winona Foods provides a variety of services for dairy manufacturers, industrial and food service customers. With manufacturing distribution centers strategically located throughout the U.S., we can develop, manufacture, package, store and deliver to the highest of standards. From development to delivery-Winona Foods will partner with you every step of the way. Our Mission: Winona Foods is committed to being the industry leader by providing our customers exceptional solutions, service, quality and value.",105611347
Wisconsin Aluminum Foundry Company,Manitowoc,Wisconsin,Manufacturing,900,Environmental Regulations,"Wisconsin Aluminum Foundry specializes in non-ferrous casting, specifically aluminum and bronze, offering a range of services including machining and a fully integrated manufacturing process. They cater to engineers and buyers from diverse industries, providing custom components tailored for applications in sectors like automotive, marine, and defense. The company is recognized for its commitment to quality and efficiency, boasting a 99.5% on-time delivery rate and three-week lead times. Since its establishment in 1909, WAF has maintained a strong reputation as a trusted casting partner.",129302561
Wisconsin Community Services Inc.,Milwaukee,Wisconsin,Organizations,273,Cloud Computing; Generative AI,"Wisconsin Community Services (WCS) is a nonprofit human service organization dedicated to addressing individual and systemic barriers that hinder community members from leading productive and healthy lives. They empower individuals to overcome challenges related to substance use, mental health, criminal justice involvement, and employment obstacles through a continuum of support services. WCS aims to improve community safety and quality of life by fostering self-efficacy and independence among those they serve. Their mission emphasizes the belief that every person has value, contributing to stronger families and neighborhoods.",112099448
Wisconsin Health Fund,Milwaukee,Wisconsin,Hospitals & Physicians Clinics,86,,"Wisconsin Health Fund provides comprehensive health care services, including a Medical Center, Pharmacy, and Dental Center, all under one roof. They focus on delivering compassionate care and exceptional service to their members, who are typically employees or members of organizations that contract with WHF for health care coverage. The organization offers a range of services such as primary care, pediatrics, dental care, and pharmacy consultations, along with virtual visit options for non-emergency issues. Their commitment to enriching lives through progressive benefits makes them a valuable resource for health care needs.",129335310
Wisconsin Illinois Senior Housing Inc.,Crystal Lake,Illinois,Healthcare Services,25,Generative AI,"About Wisconsin Illinois Senior Housing and Carriage Healthcare Companies, Inc. Wisconsin Illinois Senior Housing was incorporated in 1994 and currently owns nine skilled nursing facilities, eight community-based residential facilities, one residential care apartment complex and two home health agencies within Wisconsin and Illinois. Carriage Healthcare Companies, Inc. is a multi-state operator of skilled nursing facilities and assisted living communities, primarily in rural communities. Additionally, CHC provides consulting services to LTC clients in areas of facility operations, financial management and planning.",343846382
Wood-Mizer Products Inc.,Batesville,Indiana,Manufacturing,15,,"Wood-Mizer Products Inc is a company that operates in the Building Materials industry. It employs 10to19 people and has 1Mto5M of revenue. The company is headquartered in Batesville, Indiana.",1178759217
WPS Health Solutions,Madison,Wisconsin,Insurance,2287,Archiving; Generative AI; Environmental Regulations,"WPS Health Solutions is a not-for-profit health insurance provider founded in 1946. The company offers comprehensive health insurance services to diverse populations including military personnel, seniors, and families. Operating primarily in Wisconsin but with a nationwide and global reach, WPS Health Solutions provides various insurance products and healthcare management services. The organization leverages technology including mobile applications to deliver its services efficiently. With multiple locations across North America, WPS Health Solutions combines insurance expertise with healthcare knowledge to serve both individual consumers and business clients.",1144772709
WTS Paradigm,Middleton,Wisconsin,Software,450,Enterprise Contact Center; End-to-End Encryption; Generative AI; GitHub; File Sharing; Amazon Web Services (AWS); Business Intelligence; Environmental Regulations; Autonomous Intelligence and Agentic AI; Encryption; Enterprise Infrastructure,"WTS Paradigm LLC is a Software Development Company. The company offers software solutions that help building product organizations. The company was founded in 1999 and is headquartered in Middleton, Wisconsin.",42860636
YMCA Town & Country,,,,,,,
Young Men's Christian Association of Greater Indianapolis,Indianapolis,Indiana,Hospitality,2175,Environmental Regulations; Autonomous Intelligence and Agentic AI,"The YMCA of Greater Indianapolis is a nonprofit organization dedicated to fostering a healthy community through various programs and services. They offer a wide range of activities including youth sports, adult education, aquatics, and health and wellness initiatives aimed at individuals of all ages. Their intended clients include families, children, and adults seeking fitness, education, and community engagement. With multiple locations throughout Greater Indianapolis, the YMCA provides a supportive environment for personal growth and social responsibility.",10391220
